date,i,symbol,Open,High,Low,Adj Close,Volume,Open Interest,option_type,strike,expiry,nifty,niftyHigh,niftyLow,signal,ATR,niftyATR,renko_uptrend,renko_brick_num,renko_brick_diff,unique_brick_id,renko_brick_volume,renko_brick_volume_osc,renko_static_candles,renko_brick_high,renko_brick_low
2023-03-31 09:17:00+05:30,85626,NIFTYWEEKLYOPTIONCall,195.3,204.2,195.05,204.15,498300.0,2292350,CE,17100,2023-04-06,17251.6,17251.8,17242.5,,,,,,0.0,2023-03-31 09:17:00+05:30nan,498300.0,0.480878828657363,0.0,200.0,190.0
2023-03-31 09:18:00+05:30,85627,NIFTYWEEKLYOPTIONCall,203.9,213.45,203.85,211.2,392850.0,2292350,CE,17100,2023-04-06,17256.75,17262.15,17250.35,,,,True,1.0,0.0,2023-03-31 09:18:00+05:301.0,1571700.0,1.5167514649824954,0.0,210.0,200.0
2023-03-31 09:19:00+05:30,85628,NIFTYWEEKLYOPTIONCall,211.85,217.25,205.6,205.6,377200.0,2292350,CE,17100,2023-04-06,17246.6,17262.55,17246.6,,,,True,1.0,0.0,2023-03-31 09:18:00+05:301.0,1571700.0,1.5167514649824954,0.0,210.0,200.0
2023-03-31 09:20:00+05:30,85629,NIFTYWEEKLYOPTIONCall,209.4,214.65,207.05,213.0,405450.0,2376750,CE,17100,2023-04-06,17255.4,17258.9,17246.2,,,,True,1.0,0.0,2023-03-31 09:18:00+05:301.0,1571700.0,1.5167514649824954,1.0,210.0,200.0
2023-03-31 09:21:00+05:30,85630,NIFTYWEEKLYOPTIONCall,213.55,217.75,210.35,211.3,194650.0,2376750,CE,17100,2023-04-06,17255.7,17261.75,17253.3,,9.36185293493762,11.638200995318071,True,1.0,0.0,2023-03-31 09:18:00+05:301.0,1571700.0,1.5167514649824954,2.0,210.0,200.0
2023-03-31 09:22:00+05:30,85631,NIFTYWEEKLYOPTIONCall,212.55,215.85,212.2,215.75,201550.0,2376750,CE,17100,2023-04-06,17260.1,17260.1,17254.2,,8.539796138129253,10.65788692640593,True,1.0,0.0,2023-03-31 09:18:00+05:301.0,1571700.0,1.5167514649824954,3.0,210.0,200.0
2023-03-31 09:23:00+05:30,85632,NIFTYWEEKLYOPTIONCall,215.65,227.5,215.35,225.0,416700.0,2517650,CE,17100,2023-04-06,17270.1,17272.9,17258.75,,9.07106188165377,11.171774817366764,True,2.0,1.0,2023-03-31 09:23:00+05:302.0,1460950.0,1.409873419078817,0.0,220.0,210.0
2023-03-31 09:24:00+05:30,85633,NIFTYWEEKLYOPTIONCall,223.75,227.7,223.35,223.8,204200.0,2517650,CE,17100,2023-04-06,17270.9,17274.95,17267.9,,8.460173806339023,10.638432288041477,True,2.0,0.0,2023-03-31 09:23:00+05:302.0,1460950.0,1.409873419078817,0.0,220.0,210.0
2023-03-31 09:25:00+05:30,85634,NIFTYWEEKLYOPTIONCall,224.55,229.2,223.8,225.0,222050.0,2517650,CE,17100,2023-04-06,17273.95,17276.3,17270.7,,8.106465092937924,10.056067522200209,True,2.0,0.0,2023-03-31 09:23:00+05:302.0,1460950.0,1.409873419078817,1.0,220.0,210.0
2023-03-31 09:26:00+05:30,85635,NIFTYWEEKLYOPTIONCall,224.5,226.9,221.0,221.1,158250.0,2520700,CE,17100,2023-04-06,17265.5,17275.75,17265.5,,7.8758084925913305,10.076340585286164,True,2.0,0.0,2023-03-31 09:23:00+05:302.0,1460950.0,1.409873419078817,2.0,220.0,210.0
2023-03-31 09:27:00+05:30,85636,NIFTYWEEKLYOPTIONCall,222.15,223.05,215.25,216.8,200250.0,2520700,CE,17100,2023-04-06,17262.4,17267.9,17260.4,,7.868568850924044,9.830302417096863,True,2.0,0.0,2023-03-31 09:23:00+05:302.0,1460950.0,1.409873419078817,3.0,220.0,210.0
2023-03-31 09:28:00+05:30,85637,NIFTYWEEKLYOPTIONCall,216.1,218.65,215.0,216.3,129750.0,2520700,CE,17100,2023-04-06,17260.05,17262.15,17257.2,,7.497465155517326,9.400986616955304,True,2.0,0.0,2023-03-31 09:23:00+05:302.0,1460950.0,1.409873419078817,4.0,220.0,210.0
2023-03-31 09:29:00+05:30,85638,NIFTYWEEKLYOPTIONCall,215.4,226.75,214.25,226.75,129750.0,2485200,CE,17100,2023-04-06,17269.9,17269.9,17255.2,,7.9056661526392356,9.83337991634574,True,2.0,0.0,2023-03-31 09:23:00+05:302.0,1460950.0,1.409873419078817,5.0,220.0,210.0
2023-03-31 09:30:00+05:30,85639,NIFTYWEEKLYOPTIONCall,227.75,234.6,226.05,234.3,201500.0,2485200,CE,17100,2023-04-06,17277.1,17278.55,17270.45,,7.95472558611297,9.743277637041265,True,3.0,1.0,2023-03-31 09:30:00+05:303.0,3728100.0,3.5977611100090607,0.0,230.0,220.0
2023-03-31 09:31:00+05:30,85640,NIFTYWEEKLYOPTIONCall,232.1,232.6,220.2,220.2,169900.0,2485200,CE,17100,2023-04-06,17264.2,17276.95,17264.2,,8.272161224418696,9.957986728905704,True,3.0,0.0,2023-03-31 09:30:00+05:303.0,3728100.0,3.5977611100090607,0.0,230.0,220.0
2023-03-31 09:32:00+05:30,85641,NIFTYWEEKLYOPTIONCall,220.05,223.5,214.9,216.2,131800.0,2469600,CE,17100,2023-04-06,17258.35,17267.05,17257.1,,8.294215554546543,9.957449446652866,True,3.0,0.0,2023-03-31 09:30:00+05:303.0,3728100.0,3.5977611100090607,1.0,230.0,220.0
2023-03-31 09:33:00+05:30,85642,NIFTYWEEKLYOPTIONCall,216.25,223.45,216.25,219.05,78650.0,2469600,CE,17100,2023-04-06,17261.6,17267.4,17257.85,,8.227780642979992,9.931526764465103,True,3.0,0.0,2023-03-31 09:30:00+05:303.0,3728100.0,3.5977611100090607,2.0,230.0,220.0
2023-03-31 09:34:00+05:30,85643,NIFTYWEEKLYOPTIONCall,218.65,222.15,213.6,214.1,61600.0,2469600,CE,17100,2023-04-06,17254.55,17264.65,17253.3,,8.247235688784535,10.017171717720277,True,3.0,0.0,2023-03-31 09:30:00+05:303.0,3728100.0,3.5977611100090607,3.0,230.0,220.0
2023-03-31 09:35:00+05:30,85644,NIFTYWEEKLYOPTIONCall,215.2,220.85,212.85,217.65,87600.0,2503000,CE,17100,2023-04-06,17261.15,17265.2,17254.3,,8.233025327124983,10.067914024529514,True,3.0,0.0,2023-03-31 09:30:00+05:303.0,3728100.0,3.5977611100090607,4.0,230.0,220.0
2023-03-31 09:36:00+05:30,85645,NIFTYWEEKLYOPTIONCall,217.7,222.3,217.7,217.75,142550.0,2503000,CE,17100,2023-04-06,17263.4,17268.25,17260.55,,8.03643673627008,9.937994518288905,True,3.0,0.0,2023-03-31 09:30:00+05:303.0,3728100.0,3.5977611100090607,5.0,230.0,220.0
2023-03-31 09:37:00+05:30,85646,NIFTYWEEKLYOPTIONCall,217.4,223.3,215.65,222.0,100100.0,2503000,CE,17100,2023-04-06,17266.95,17268.6,17259.85,,8.01614660676035,9.87561804014764,True,3.0,0.0,2023-03-31 09:30:00+05:303.0,3728100.0,3.5977611100090607,6.0,230.0,220.0
2023-03-31 09:38:00+05:30,85647,NIFTYWEEKLYOPTIONCall,221.3,222.25,218.1,218.8,109100.0,2598700,CE,17100,2023-04-06,17263.4,17268.3,17263.4,,7.821447010125189,9.62504533198033,True,3.0,0.0,2023-03-31 09:30:00+05:303.0,3728100.0,3.5977611100090607,7.0,230.0,220.0
2023-03-31 09:39:00+05:30,85648,NIFTYWEEKLYOPTIONCall,219.2,221.5,217.9,220.1,60900.0,2598700,CE,17100,2023-04-06,17263.5,17266.45,17260.55,,7.617121284041136,9.444746351482166,True,3.0,0.0,2023-03-31 09:30:00+05:303.0,3728100.0,3.5977611100090607,8.0,230.0,220.0
2023-03-31 09:40:00+05:30,85649,NIFTYWEEKLYOPTIONCall,220.55,230.7,220.55,229.2,134650.0,2598700,CE,17100,2023-04-06,17277.2,17278.2,17264.0,,7.756145500260005,9.689680051135383,True,3.0,0.0,2023-03-31 09:30:00+05:303.0,3728100.0,3.5977611100090607,9.0,230.0,220.0
2023-03-31 09:41:00+05:30,85650,NIFTYWEEKLYOPTIONCall,229.25,239.0,229.25,230.3,243100.0,2629900,CE,17100,2023-04-06,17281.15,17289.1,17276.4,,7.848031438137525,9.825015551704407,True,3.0,0.0,2023-03-31 09:30:00+05:303.0,3728100.0,3.5977611100090607,10.0,230.0,220.0
2023-03-31 09:42:00+05:30,85651,NIFTYWEEKLYOPTIONCall,230.75,234.35,228.15,230.3,88250.0,2629900,CE,17100,2023-04-06,17279.95,17281.95,17275.3,,7.7764499634010695,9.687110236160839,True,3.0,0.0,2023-03-31 09:30:00+05:303.0,3728100.0,3.5977611100090607,11.0,230.0,220.0
2023-03-31 09:43:00+05:30,85652,NIFTYWEEKLYOPTIONCall,230.4,235.65,228.9,230.7,74850.0,2629900,CE,17100,2023-04-06,17282.3,17286.5,17278.5,,7.733313120451715,9.616208962946919,True,3.0,0.0,2023-03-31 09:30:00+05:303.0,3728100.0,3.5977611100090607,12.0,230.0,220.0
2023-03-31 09:44:00+05:30,85653,NIFTYWEEKLYOPTIONCall,231.7,235.6,229.6,230.5,51450.0,2631450,CE,17100,2023-04-06,17278.25,17285.35,17277.0,,7.662737354359609,9.564652399658755,True,3.0,0.0,2023-03-31 09:30:00+05:303.0,3728100.0,3.5977611100090607,13.0,230.0,220.0
2023-03-31 09:45:00+05:30,85654,NIFTYWEEKLYOPTIONCall,231.3,233.45,226.25,226.6,54300.0,2631450,CE,17100,2023-04-06,17274.4,17281.8,17273.4,,7.644459219808936,9.518648607085694,True,3.0,0.0,2023-03-31 09:30:00+05:303.0,3728100.0,3.5977611100090607,14.0,230.0,220.0
2023-03-31 09:46:00+05:30,85655,NIFTYWEEKLYOPTIONCall,228.65,232.15,227.0,228.15,37700.0,2631450,CE,17100,2023-04-06,17277.55,17280.4,17273.1,,7.564106404982073,9.433531332418937,True,3.0,0.0,2023-03-31 09:30:00+05:303.0,3728100.0,3.5977611100090607,15.0,230.0,220.0
2023-03-31 09:47:00+05:30,85656,NIFTYWEEKLYOPTIONCall,227.6,232.8,227.0,231.3,50400.0,2627700,CE,17100,2023-04-06,17280.2,17282.15,17274.35,,7.498300466241618,9.372596196937312,True,3.0,0.0,2023-03-31 09:30:00+05:303.0,3728100.0,3.5977611100090607,16.0,230.0,220.0
2023-03-31 09:48:00+05:30,85657,NIFTYWEEKLYOPTIONCall,231.3,232.2,227.1,229.8,30500.0,2627700,CE,17100,2023-04-06,17276.5,17281.85,17273.9,,7.411223434171435,9.320944847822576,True,3.0,0.0,2023-03-31 09:30:00+05:303.0,3728100.0,3.5977611100090607,17.0,230.0,220.0
2023-03-31 09:49:00+05:30,85658,NIFTYWEEKLYOPTIONCall,229.8,231.95,227.0,227.6,35350.0,2627700,CE,17100,2023-04-06,17274.7,17281.45,17273.8,,7.324160852787565,9.261837344707827,True,3.0,0.0,2023-03-31 09:30:00+05:303.0,3728100.0,3.5977611100090607,18.0,230.0,220.0
2023-03-31 09:50:00+05:30,85659,NIFTYWEEKLYOPTIONCall,227.1,231.8,227.1,229.65,43400.0,2627450,CE,17100,2023-04-06,17278.2,17281.4,17274.15,,7.23364037387955,9.192438976945985,True,3.0,0.0,2023-03-31 09:30:00+05:303.0,3728100.0,3.5977611100090607,19.0,230.0,220.0
2023-03-31 09:51:00+05:30,85660,NIFTYWEEKLYOPTIONCall,229.3,232.45,227.0,229.25,38800.0,2627450,CE,17100,2023-04-06,17274.65,17281.6,17274.35,,7.173590532542961,9.12704286118196,True,3.0,0.0,2023-03-31 09:30:00+05:303.0,3728100.0,3.5977611100090607,20.0,230.0,220.0
2023-03-31 09:52:00+05:30,85661,NIFTYWEEKLYOPTIONCall,229.35,229.35,223.15,226.75,63900.0,2627450,CE,17100,2023-04-06,17269.9,17276.1,17266.45,,7.141573564643218,9.144240544773519,True,3.0,0.0,2023-03-31 09:30:00+05:303.0,3728100.0,3.5977611100090607,21.0,230.0,220.0
2023-03-31 09:53:00+05:30,85662,NIFTYWEEKLYOPTIONCall,227.3,233.7,226.95,232.4,60150.0,2629900,CE,17100,2023-04-06,17279.55,17281.25,17269.85,,7.135415129101259,9.216755503865384,True,3.0,0.0,2023-03-31 09:30:00+05:303.0,3728100.0,3.5977611100090607,22.0,230.0,220.0
2023-03-31 09:54:00+05:30,85663,NIFTYWEEKLYOPTIONCall,231.75,233.35,230.95,232.3,60500.0,2629900,CE,17100,2023-04-06,17279.45,17281.35,17277.3,,6.986500408769103,9.054276411767523,True,3.0,0.0,2023-03-31 09:30:00+05:303.0,3728100.0,3.5977611100090607,23.0,230.0,220.0
2023-03-31 09:55:00+05:30,85664,NIFTYWEEKLYOPTIONCall,231.75,233.85,228.45,229.2,63550.0,2629900,CE,17100,2023-04-06,17275.4,17281.1,17274.8,,6.937661964796916,8.969489434420053,True,3.0,0.0,2023-03-31 09:30:00+05:303.0,3728100.0,3.5977611100090607,24.0,230.0,220.0
2023-03-31 09:56:00+05:30,85665,NIFTYWEEKLYOPTIONCall,229.2,230.2,226.5,228.0,31800.0,2590950,CE,17100,2023-04-06,17274.0,17276.25,17272.95,,6.840033320057809,8.79853132456688,True,3.0,0.0,2023-03-31 09:30:00+05:303.0,3728100.0,3.5977611100090607,25.0,230.0,220.0
2023-03-31 09:57:00+05:30,85666,NIFTYWEEKLYOPTIONCall,228.0,230.6,224.9,224.9,33350.0,2590950,CE,17100,2023-04-06,17271.55,17277.0,17271.45,,6.806339101166044,8.702519459298603,True,3.0,0.0,2023-03-31 09:30:00+05:303.0,3728100.0,3.5977611100090607,26.0,230.0,220.0
2023-03-31 09:58:00+05:30,85667,NIFTYWEEKLYOPTIONCall,225.85,227.0,219.15,222.55,48800.0,2590950,CE,17100,2023-04-06,17265.65,17272.15,17261.1,,6.836590414217766,8.770562986462469,True,3.0,0.0,2023-03-31 09:30:00+05:303.0,3728100.0,3.5977611100090607,27.0,230.0,220.0
2023-03-31 09:59:00+05:30,85668,NIFTYWEEKLYOPTIONCall,222.7,223.65,220.05,220.05,29800.0,2574350,CE,17100,2023-04-06,17261.55,17267.1,17261.55,,6.744532263611404,8.67896070304016,True,3.0,0.0,2023-03-31 09:30:00+05:303.0,3728100.0,3.5977611100090607,28.0,230.0,220.0
2023-03-31 10:00:00+05:30,85669,NIFTYWEEKLYOPTIONCall,220.0,223.6,219.65,219.8,41400.0,2574350,CE,17100,2023-04-06,17260.35,17264.4,17260.35,,6.666494518996838,8.549696261230617,True,3.0,0.0,2023-03-31 09:30:00+05:303.0,3728100.0,3.5977611100090607,29.0,230.0,220.0
2023-03-31 10:01:00+05:30,85670,NIFTYWEEKLYOPTIONCall,220.9,226.0,220.45,224.0,39050.0,2574350,CE,17100,2023-04-06,17267.4,17269.05,17259.95,,6.6536982299948795,8.564791498995199,True,3.0,0.0,2023-03-31 09:30:00+05:303.0,3728100.0,3.5977611100090607,30.0,230.0,220.0
2023-03-31 10:02:00+05:30,85671,NIFTYWEEKLYOPTIONCall,224.0,231.95,223.8,230.8,60850.0,2583150,CE,17100,2023-04-06,17277.45,17278.4,17267.65,,6.694035784876396,8.630440259510186,True,3.0,0.0,2023-03-31 09:30:00+05:303.0,3728100.0,3.5977611100090607,31.0,230.0,220.0
2023-03-31 10:03:00+05:30,85672,NIFTYWEEKLYOPTIONCall,231.6,235.0,229.15,229.15,66800.0,2583150,CE,17100,2023-04-06,17275.75,17281.85,17275.75,,6.671663730292215,8.563368283863921,True,3.0,0.0,2023-03-31 09:30:00+05:303.0,3728100.0,3.5977611100090607,32.0,230.0,220.0
2023-03-31 10:04:00+05:30,85673,NIFTYWEEKLYOPTIONCall,229.2,233.25,229.2,231.0,32250.0,2583150,CE,17100,2023-04-06,17277.4,17279.15,17274.85,,6.6046124734013505,8.452209037554123,True,3.0,0.0,2023-03-31 09:30:00+05:303.0,3728100.0,3.5977611100090607,33.0,230.0,220.0
2023-03-31 10:05:00+05:30,85674,NIFTYWEEKLYOPTIONCall,231.0,231.9,226.65,228.45,36100.0,2568900,CE,17100,2023-04-06,17272.65,17277.35,17271.25,,6.569855612897404,8.391855687057388,True,3.0,0.0,2023-03-31 09:30:00+05:303.0,3728100.0,3.5977611100090607,34.0,230.0,220.0
2023-03-31 10:06:00+05:30,85675,NIFTYWEEKLYOPTIONCall,228.45,228.45,222.85,223.05,25750.0,2568900,CE,17100,2023-04-06,17265.3,17272.3,17264.6,,6.545356934391438,8.374379322715804,True,3.0,0.0,2023-03-31 09:30:00+05:303.0,3728100.0,3.5977611100090607,35.0,230.0,220.0
2023-03-31 10:07:00+05:30,85676,NIFTYWEEKLYOPTIONCall,223.0,225.75,220.15,221.6,44100.0,2568900,CE,17100,2023-04-06,17261.1,17267.0,17260.35,,6.52183832133982,8.33148017153833,True,3.0,0.0,2023-03-31 09:30:00+05:303.0,3728100.0,3.5977611100090607,36.0,230.0,220.0
2023-03-31 10:08:00+05:30,85677,NIFTYWEEKLYOPTIONCall,221.7,223.5,219.85,223.05,98500.0,2573350,CE,17100,2023-04-06,17264.6,17264.6,17259.1,,6.451446911560346,8.26207797728659,True,3.0,0.0,2023-03-31 09:30:00+05:303.0,3728100.0,3.5977611100090607,37.0,230.0,220.0
2023-03-31 10:09:00+05:30,85678,NIFTYWEEKLYOPTIONCall,223.3,223.85,220.4,222.0,83350.0,2573350,CE,17100,2023-04-06,17265.75,17267.15,17261.65,,6.378938025529354,8.19535176051014,True,3.0,0.0,2023-03-31 09:30:00+05:303.0,3728100.0,3.5977611100090607,38.0,230.0,220.0
2023-03-31 10:10:00+05:30,85679,NIFTYWEEKLYOPTIONCall,223.65,225.25,221.35,224.5,32600.0,2573350,CE,17100,2023-04-06,17268.75,17269.05,17264.7,,6.31989369155679,8.103761639558591,True,3.0,0.0,2023-03-31 09:30:00+05:303.0,3728100.0,3.5977611100090607,39.0,230.0,220.0
2023-03-31 10:11:00+05:30,85680,NIFTYWEEKLYOPTIONCall,224.8,224.8,214.95,219.05,69900.0,2569150,CE,17100,2023-04-06,17260.3,17268.55,17256.05,,6.402821036936472,8.207035689979046,True,3.0,0.0,2023-03-31 09:30:00+05:303.0,3728100.0,3.5977611100090607,40.0,230.0,220.0
2023-03-31 10:12:00+05:30,85681,NIFTYWEEKLYOPTIONCall,218.4,218.45,215.35,216.3,35500.0,2569150,CE,17100,2023-04-06,17255.45,17259.75,17254.45,,6.326273273993415,8.139660837882916,True,3.0,0.0,2023-03-31 09:30:00+05:303.0,3728100.0,3.5977611100090607,41.0,230.0,220.0
2023-03-31 10:13:00+05:30,85682,NIFTYWEEKLYOPTIONCall,216.2,220.5,215.55,216.5,48150.0,2569150,CE,17100,2023-04-06,17255.1,17260.35,17253.65,,6.294794007789778,8.106731718633759,True,3.0,0.0,2023-03-31 09:30:00+05:303.0,3728100.0,3.5977611100090607,42.0,230.0,220.0
2023-03-31 10:14:00+05:30,85683,NIFTYWEEKLYOPTIONCall,215.85,218.45,215.85,217.0,37700.0,2576050,CE,17100,2023-04-06,17256.9,17257.9,17255.05,,6.2113658254587,7.988035095394971,True,3.0,0.0,2023-03-31 09:30:00+05:303.0,3728100.0,3.5977611100090607,43.0,230.0,220.0
2023-03-31 10:15:00+05:30,85684,NIFTYWEEKLYOPTIONCall,218.05,222.1,217.45,221.9,65850.0,2576050,CE,17100,2023-04-06,17266.4,17266.8,17256.35,,6.186585454028593,8.042930075415468,True,3.0,0.0,2023-03-31 09:30:00+05:303.0,3728100.0,3.5977611100090607,44.0,230.0,220.0
2023-03-31 10:16:00+05:30,85685,NIFTYWEEKLYOPTIONCall,221.8,224.1,218.55,218.7,41450.0,2576050,CE,17100,2023-04-06,17264.3,17269.6,17264.3,,6.172565165088883,7.982519219409588,True,3.0,0.0,2023-03-31 09:30:00+05:303.0,3728100.0,3.5977611100090607,45.0,230.0,220.0
2023-03-31 10:17:00+05:30,85686,NIFTYWEEKLYOPTIONCall,218.7,222.35,218.35,219.8,18650.0,2561500,CE,17100,2023-04-06,17265.55,17268.1,17263.55,,6.125289278908911,7.907826229512197,True,3.0,0.0,2023-03-31 09:30:00+05:303.0,3728100.0,3.5977611100090607,46.0,230.0,220.0
2023-03-31 10:18:00+05:30,85687,NIFTYWEEKLYOPTIONCall,219.8,220.55,217.1,218.2,15600.0,2561500,CE,17100,2023-04-06,17262.5,17266.25,17261.75,,6.067756223185063,7.834539703862275,True,3.0,0.0,2023-03-31 09:30:00+05:303.0,3728100.0,3.5977611100090607,47.0,230.0,220.0
2023-03-31 10:19:00+05:30,85688,NIFTYWEEKLYOPTIONCall,218.55,221.05,218.1,218.85,12150.0,2561500,CE,17100,2023-04-06,17263.35,17266.25,17261.6,,6.001476886938352,7.766840639947788,True,3.0,0.0,2023-03-31 09:30:00+05:303.0,3728100.0,3.5977611100090607,48.0,230.0,220.0
2023-03-31 10:20:00+05:30,85689,NIFTYWEEKLYOPTIONCall,218.0,218.2,213.2,213.3,46800.0,2563750,CE,17100,2023-04-06,17255.85,17262.35,17255.7,,5.9804259150285,7.743364730272785,True,3.0,0.0,2023-03-31 09:30:00+05:303.0,3728100.0,3.5977611100090607,49.0,230.0,220.0
2023-03-31 10:21:00+05:30,85690,NIFTYWEEKLYOPTIONCall,212.1,219.55,211.35,214.6,64500.0,2563750,CE,17100,2023-04-06,17256.95,17263.1,17253.8,,6.026568149525701,7.775725276437323,True,3.0,0.0,2023-03-31 09:30:00+05:303.0,3728100.0,3.5977611100090607,50.0,230.0,220.0
2023-03-31 10:22:00+05:30,85691,NIFTYWEEKLYOPTIONCall,212.75,217.1,210.85,215.75,46050.0,2563750,CE,17100,2023-04-06,17259.9,17259.9,17253.15,,6.031162997094358,7.754631366672253,True,3.0,0.0,2023-03-31 09:30:00+05:303.0,3728100.0,3.5977611100090607,51.0,230.0,220.0
2023-03-31 10:23:00+05:30,85692,NIFTYWEEKLYOPTIONCall,215.4,217.7,213.5,215.1,49450.0,2571700,CE,17100,2023-04-06,17261.1,17262.7,17257.45,,5.993902702520769,7.70366741498224,True,3.0,0.0,2023-03-31 09:30:00+05:303.0,3728100.0,3.5977611100090607,52.0,230.0,220.0
2023-03-31 10:24:00+05:30,85693,NIFTYWEEKLYOPTIONCall,216.15,219.0,215.0,216.0,36250.0,2571700,CE,17100,2023-04-06,17262.55,17265.75,17260.95,,5.95375046530549,7.645194781040134,True,3.0,0.0,2023-03-31 09:30:00+05:303.0,3728100.0,3.5977611100090607,53.0,230.0,220.0
2023-03-31 10:25:00+05:30,85694,NIFTYWEEKLYOPTIONCall,214.55,217.9,212.7,214.45,28800.0,2571700,CE,17100,2023-04-06,17257.9,17265.15,17256.95,,5.93872560941487,7.65625396951953,True,3.0,0.0,2023-03-31 09:30:00+05:303.0,3728100.0,3.5977611100090607,54.0,230.0,220.0
2023-03-31 10:26:00+05:30,85695,NIFTYWEEKLYOPTIONCall,214.45,216.3,212.65,212.65,22450.0,2581350,CE,17100,2023-04-06,17257.65,17261.25,17257.65,,5.893556542933911,7.5762019071581586,True,3.0,0.0,2023-03-31 09:30:00+05:303.0,3728100.0,3.5977611100090607,55.0,230.0,220.0
2023-03-31 10:27:00+05:30,85696,NIFTYWEEKLYOPTIONCall,212.65,213.2,210.5,212.95,63800.0,2581350,CE,17100,2023-04-06,17255.0,17257.4,17253.3,,5.831144010859193,7.508265560921041,True,3.0,0.0,2023-03-31 09:30:00+05:303.0,3728100.0,3.5977611100090607,56.0,230.0,220.0
2023-03-31 10:28:00+05:30,85697,NIFTYWEEKLYOPTIONCall,213.25,215.25,211.25,212.25,24900.0,2581350,CE,17100,2023-04-06,17255.25,17257.85,17253.8,,5.795699240648835,7.44132520701859,True,3.0,0.0,2023-03-31 09:30:00+05:303.0,3728100.0,3.5977611100090607,57.0,230.0,220.0
2023-03-31 10:29:00+05:30,85698,NIFTYWEEKLYOPTIONCall,213.45,214.4,211.9,213.2,21100.0,2562400,CE,17100,2023-04-06,17256.25,17257.7,17254.8,,5.732503181190965,7.354243881677847,True,3.0,0.0,2023-03-31 09:30:00+05:303.0,3728100.0,3.5977611100090607,58.0,230.0,220.0
2023-03-31 10:30:00+05:30,85699,NIFTYWEEKLYOPTIONCall,212.45,212.45,203.35,207.85,92050.0,2562400,CE,17100,2023-04-06,17249.95,17257.25,17245.85,,5.796482615735762,7.43110963766334,False,-1.0,0.0,2023-03-31 10:30:00+05:30-1.0,317000.0,0.30591729617576574,0.0,220.0,210.0
2023-03-31 10:31:00+05:30,85700,NIFTYWEEKLYOPTIONCall,207.95,212.35,204.85,205.95,72150.0,2562400,CE,17100,2023-04-06,17248.6,17255.2,17248.6,,5.828556117401324,7.415461663305096,False,-1.0,0.0,2023-03-31 10:30:00+05:30-1.0,317000.0,0.30591729617576574,0.0,220.0,210.0
2023-03-31 10:32:00+05:30,85701,NIFTYWEEKLYOPTIONCall,204.85,206.3,203.0,203.0,51200.0,2564700,CE,17100,2023-04-06,17248.1,17249.75,17245.9,,5.781370163725464,7.3489257823254235,False,-1.0,0.0,2023-03-31 10:30:00+05:30-1.0,317000.0,0.30591729617576574,1.0,220.0,210.0
2023-03-31 10:33:00+05:30,85702,NIFTYWEEKLYOPTIONCall,203.2,203.45,199.85,202.85,67050.0,2564700,CE,17100,2023-04-06,17245.95,17247.75,17242.0,,5.741016631522634,7.319346986337489,False,-1.0,0.0,2023-03-31 10:30:00+05:30-1.0,317000.0,0.30591729617576574,2.0,220.0,210.0
2023-03-31 10:34:00+05:30,85703,NIFTYWEEKLYOPTIONCall,202.65,203.25,200.25,200.65,34550.0,2564700,CE,17100,2023-04-06,17240.85,17246.3,17239.95,,5.690742372530332,7.3015677430873165,False,-1.0,0.0,2023-03-31 10:30:00+05:30-1.0,317000.0,0.30591729617576574,3.0,220.0,210.0
2023-03-31 10:35:00+05:30,85704,NIFTYWEEKLYOPTIONCall,200.0,202.5,197.45,197.45,82250.0,2551750,CE,17100,2023-04-06,17237.5,17242.2,17237.45,,5.67908858262338,7.2551599578586465,False,-2.0,-1.0,2023-03-31 10:35:00+05:30-2.0,3158100.0,3.0476890001662014,0.0,210.0,200.0
2023-03-31 10:36:00+05:30,85705,NIFTYWEEKLYOPTIONCall,197.25,199.8,196.05,199.8,90150.0,2551750,CE,17100,2023-04-06,17237.9,17237.9,17234.9,,5.644290784860015,7.1784034019399074,False,-2.0,0.0,2023-03-31 10:35:00+05:30-2.0,3158100.0,3.0476890001662014,0.0,210.0,200.0
2023-03-31 10:37:00+05:30,85706,NIFTYWEEKLYOPTIONCall,199.85,201.25,199.0,200.35,56550.0,2551750,CE,17100,2023-04-06,17241.1,17241.2,17237.35,,5.5835572057855885,7.118848736763656,False,-2.0,0.0,2023-03-31 10:35:00+05:30-2.0,3158100.0,3.0476890001662014,1.0,210.0,200.0
2023-03-31 10:38:00+05:30,85707,NIFTYWEEKLYOPTIONCall,201.2,202.65,200.5,201.05,117400.0,2525250,CE,17100,2023-04-06,17244.3,17245.75,17241.15,,5.525270785091211,7.075024205292679,False,-2.0,0.0,2023-03-31 10:35:00+05:30-2.0,3158100.0,3.0476890001662014,2.0,210.0,200.0
2023-03-31 10:39:00+05:30,85708,NIFTYWEEKLYOPTIONCall,200.45,202.1,199.0,201.05,58400.0,2525250,CE,17100,2023-04-06,17244.4,17244.6,17241.75,,5.482555124116107,7.000609957335554,False,-2.0,0.0,2023-03-31 10:35:00+05:30-2.0,3158100.0,3.0476890001662014,3.0,210.0,200.0
2023-03-31 10:40:00+05:30,85709,NIFTYWEEKLYOPTIONCall,201.5,202.85,198.0,198.3,49950.0,2525250,CE,17100,2023-04-06,17240.55,17244.9,17239.45,,5.471499355219631,6.9735084689698965,False,-2.0,0.0,2023-03-31 10:35:00+05:30-2.0,3158100.0,3.0476890001662014,4.0,210.0,200.0
2023-03-31 10:41:00+05:30,85710,NIFTYWEEKLYOPTIONCall,198.0,198.0,193.35,196.9,104800.0,2529300,CE,17100,2023-04-06,17237.0,17239.95,17233.65,,5.457249200777653,6.961825441296373,False,-2.0,0.0,2023-03-31 10:35:00+05:30-2.0,3158100.0,3.0476890001662014,5.0,210.0,200.0
2023-03-31 10:42:00+05:30,85711,NIFTYWEEKLYOPTIONCall,195.05,201.15,195.05,201.15,58000.0,2529300,CE,17100,2023-04-06,17242.5,17242.8,17235.35,,5.4683162896051245,6.970230986977574,False,-2.0,0.0,2023-03-31 10:35:00+05:30-2.0,3158100.0,3.0476890001662014,6.0,210.0,200.0
2023-03-31 10:43:00+05:30,85712,NIFTYWEEKLYOPTIONCall,200.7,206.8,200.5,204.05,135700.0,2529300,CE,17100,2023-04-06,17248.05,17250.55,17242.35,,5.482532461306495,6.991251727462994,False,-2.0,0.0,2023-03-31 10:35:00+05:30-2.0,3158100.0,3.0476890001662014,7.0,210.0,200.0
2023-03-31 10:44:00+05:30,85713,NIFTYWEEKLYOPTIONCall,203.85,205.75,202.05,205.15,75900.0,2512950,CE,17100,2023-04-06,17248.2,17248.45,17245.15,,5.452280778667682,6.928606822967197,False,-2.0,0.0,2023-03-31 10:35:00+05:30-2.0,3158100.0,3.0476890001662014,8.0,210.0,200.0
2023-03-31 10:45:00+05:30,85714,NIFTYWEEKLYOPTIONCall,203.85,205.4,199.55,199.6,56900.0,2512950,CE,17100,2023-04-06,17238.3,17248.15,17238.3,,5.458983156817969,6.977838242390586,False,-2.0,0.0,2023-03-31 10:35:00+05:30-2.0,3158100.0,3.0476890001662014,9.0,210.0,200.0
2023-03-31 10:46:00+05:30,85715,NIFTYWEEKLYOPTIONCall,199.2,199.9,197.1,197.65,50450.0,2512950,CE,17100,2023-04-06,17236.25,17238.75,17235.55,,5.414483201360369,6.9146134592319175,False,-2.0,0.0,2023-03-31 10:35:00+05:30-2.0,3158100.0,3.0476890001662014,10.0,210.0,200.0
2023-03-31 10:47:00+05:30,85716,NIFTYWEEKLYOPTIONCall,197.35,200.45,197.35,199.4,26900.0,2510900,CE,17100,2023-04-06,17237.7,17239.0,17236.2,,5.376011637376676,6.846219955718048,False,-2.0,0.0,2023-03-31 10:35:00+05:30-2.0,3158100.0,3.0476890001662014,11.0,210.0,200.0
2023-03-31 10:48:00+05:30,85717,NIFTYWEEKLYOPTIONCall,199.4,201.2,197.6,201.0,29000.0,2510900,CE,17100,2023-04-06,17237.05,17238.9,17236.25,,5.346687689279013,6.776935648341795,False,-2.0,0.0,2023-03-31 10:35:00+05:30-2.0,3158100.0,3.0476890001662014,12.0,210.0,200.0
2023-03-31 10:49:00+05:30,85718,NIFTYWEEKLYOPTIONCall,201.0,203.1,199.95,200.85,29100.0,2510900,CE,17100,2023-04-06,17237.2,17239.05,17236.6,,5.310656080542,6.705962221817776,False,-2.0,0.0,2023-03-31 10:35:00+05:30-2.0,3158100.0,3.0476890001662014,13.0,210.0,200.0
2023-03-31 10:50:00+05:30,85719,NIFTYWEEKLYOPTIONCall,200.8,204.3,199.0,203.8,27900.0,2496850,CE,17100,2023-04-06,17241.15,17241.15,17235.55,,5.310482421134804,6.687938639594944,False,-2.0,0.0,2023-03-31 10:35:00+05:30-2.0,3158100.0,3.0476890001662014,14.0,210.0,200.0
2023-03-31 10:51:00+05:30,85720,NIFTYWEEKLYOPTIONCall,203.15,206.1,201.2,206.0,28500.0,2496850,CE,17100,2023-04-06,17244.2,17244.45,17239.4,,5.303835407223977,6.661415211643084,False,-2.0,0.0,2023-03-31 10:35:00+05:30-2.0,3158100.0,3.0476890001662014,15.0,210.0,200.0
2023-03-31 10:52:00+05:30,85721,NIFTYWEEKLYOPTIONCall,205.7,207.75,204.4,207.3,48100.0,2496850,CE,17100,2023-04-06,17249.8,17249.95,17243.9,,5.272394439852091,6.651576365623153,False,-2.0,0.0,2023-03-31 10:35:00+05:30-2.0,3158100.0,3.0476890001662014,16.0,210.0,200.0
2023-03-31 10:53:00+05:30,85722,NIFTYWEEKLYOPTIONCall,206.35,209.65,204.85,207.65,87250.0,2469550,CE,17100,2023-04-06,17252.8,17253.4,17247.65,,5.264839477535287,6.637157534888953,False,-2.0,0.0,2023-03-31 10:35:00+05:30-2.0,3158100.0,3.0476890001662014,17.0,210.0,200.0
2023-03-31 10:54:00+05:30,85723,NIFTYWEEKLYOPTIONCall,207.55,208.0,202.3,206.8,61950.0,2469550,CE,17100,2023-04-06,17252.2,17252.5,17245.45,,5.271756821206851,6.643720109079297,False,-2.0,0.0,2023-03-31 10:35:00+05:30-2.0,3158100.0,3.0476890001662014,18.0,210.0,200.0
2023-03-31 10:55:00+05:30,85724,NIFTYWEEKLYOPTIONCall,207.3,207.5,202.25,202.25,28150.0,2469550,CE,17100,2023-04-06,17247.55,17252.25,17247.55,,5.271413034208457,6.613006720590031,False,-2.0,0.0,2023-03-31 10:35:00+05:30-2.0,3158100.0,3.0476890001662014,19.0,210.0,200.0
2023-03-31 10:56:00+05:30,85725,NIFTYWEEKLYOPTIONCall,202.2,202.35,199.15,200.45,56050.0,2480050,CE,17100,2023-04-06,17244.4,17247.05,17243.2,,5.238873918260598,6.56960359694386,False,-2.0,0.0,2023-03-31 10:35:00+05:30-2.0,3158100.0,3.0476890001662014,20.0,210.0,200.0
2023-03-31 10:57:00+05:30,85726,NIFTYWEEKLYOPTIONCall,199.6,201.25,198.1,199.35,49850.0,2480050,CE,17100,2023-04-06,17241.5,17244.35,17239.85,,5.206249984209541,6.537280625859638,False,-2.0,0.0,2023-03-31 10:35:00+05:30-2.0,3158100.0,3.0476890001662014,21.0,210.0,200.0
2023-03-31 10:58:00+05:30,85727,NIFTYWEEKLYOPTIONCall,199.75,201.9,198.75,198.75,36600.0,2480050,CE,17100,2023-04-06,17240.6,17243.2,17239.15,,5.17431812247667,6.498655214724932,False,-2.0,0.0,2023-03-31 10:35:00+05:30-2.0,3158100.0,3.0476890001662014,22.0,210.0,200.0
2023-03-31 10:59:00+05:30,85728,NIFTYWEEKLYOPTIONCall,199.95,204.4,199.55,204.15,45350.0,2463400,CE,17100,2023-04-06,17249.4,17249.4,17240.3,,5.181663726243457,6.538825860184311,False,-2.0,0.0,2023-03-31 10:35:00+05:30-2.0,3158100.0,3.0476890001662014,23.0,210.0,200.0
2023-03-31 11:00:00+05:30,85729,NIFTYWEEKLYOPTIONCall,203.65,204.25,200.7,204.25,31900.0,2463400,CE,17100,2023-04-06,17248.4,17250.4,17245.85,,5.156606000558391,6.508283137417208,False,-2.0,0.0,2023-03-31 10:35:00+05:30-2.0,3158100.0,3.0476890001662014,24.0,210.0,200.0
2023-03-31 11:01:00+05:30,85730,NIFTYWEEKLYOPTIONCall,204.25,204.4,199.75,202.25,23450.0,2463400,CE,17100,2023-04-06,17244.65,17249.1,17243.75,,5.14886818850816,6.490591721981114,False,-2.0,0.0,2023-03-31 10:35:00+05:30-2.0,3158100.0,3.0476890001662014,25.0,210.0,200.0
2023-03-31 11:02:00+05:30,85731,NIFTYWEEKLYOPTIONCall,202.8,202.8,199.45,200.6,32150.0,2455650,CE,17100,2023-04-06,17243.6,17245.35,17242.6,,5.121539421267165,6.4337639003726865,False,-2.0,0.0,2023-03-31 10:35:00+05:30-2.0,3158100.0,3.0476890001662014,26.0,210.0,200.0
2023-03-31 11:03:00+05:30,85732,NIFTYWEEKLYOPTIONCall,199.6,199.8,198.15,198.55,28300.0,2455650,CE,17100,2023-04-06,17239.05,17243.6,17238.9,,5.06907668770499,6.407562845875681,False,-2.0,0.0,2023-03-31 10:35:00+05:30-2.0,3158100.0,3.0476890001662014,27.0,210.0,200.0
2023-03-31 11:04:00+05:30,85733,NIFTYWEEKLYOPTIONCall,199.0,201.05,197.25,200.25,23100.0,2455650,CE,17100,2023-04-06,17239.75,17240.6,17237.6,,5.0499975237165975,6.356333908359867,False,-2.0,0.0,2023-03-31 10:35:00+05:30-2.0,3158100.0,3.0476890001662014,28.0,210.0,200.0
2023-03-31 11:05:00+05:30,85734,NIFTYWEEKLYOPTIONCall,199.75,201.95,198.05,200.5,26000.0,2448100,CE,17100,2023-04-06,17240.55,17241.75,17238.35,,5.032796872502641,6.312115666684595,False,-2.0,0.0,2023-03-31 10:35:00+05:30-2.0,3158100.0,3.0476890001662014,29.0,210.0,200.0
2023-03-31 11:06:00+05:30,85735,NIFTYWEEKLYOPTIONCall,200.5,204.3,199.1,203.25,39100.0,2448100,CE,17100,2023-04-06,17248.05,17248.5,17239.35,,5.035285168632626,6.354348708073432,False,-2.0,0.0,2023-03-31 10:35:00+05:30-2.0,3158100.0,3.0476890001662014,30.0,210.0,200.0
2023-03-31 11:07:00+05:30,85736,NIFTYWEEKLYOPTIONCall,203.6,207.15,203.55,207.15,48100.0,2448100,CE,17100,2023-04-06,17252.1,17252.65,17247.8,,5.018473731913294,6.33207213491956,False,-2.0,0.0,2023-03-31 10:35:00+05:30-2.0,3158100.0,3.0476890001662014,31.0,210.0,200.0
2023-03-31 11:08:00+05:30,85737,NIFTYWEEKLYOPTIONCall,206.05,209.65,206.0,207.85,75450.0,2437950,CE,17100,2023-04-06,17256.35,17256.35,17252.05,,4.998308166445617,6.302127911134947,False,-2.0,0.0,2023-03-31 10:35:00+05:30-2.0,3158100.0,3.0476890001662014,32.0,210.0,200.0
2023-03-31 11:09:00+05:30,85738,NIFTYWEEKLYOPTIONCall,207.95,208.7,201.65,204.4,52200.0,2437950,CE,17100,2023-04-06,17251.7,17257.9,17249.55,,5.0283960329918855,6.332159761486918,False,-2.0,0.0,2023-03-31 10:35:00+05:30-2.0,3158100.0,3.0476890001662014,33.0,210.0,200.0
2023-03-31 11:10:00+05:30,85739,NIFTYWEEKLYOPTIONCall,204.3,205.5,199.95,204.7,47250.0,2437950,CE,17100,2023-04-06,17250.9,17252.35,17246.7,,5.036009038087122,6.322203384487391,False,-2.0,0.0,2023-03-31 10:35:00+05:30-2.0,3158100.0,3.0476890001662014,34.0,210.0,200.0
2023-03-31 11:11:00+05:30,85740,NIFTYWEEKLYOPTIONCall,204.8,205.0,200.0,200.0,26000.0,2450300,CE,17100,2023-04-06,17247.2,17251.6,17247.2,,5.035485928378702,6.294279193634264,False,-2.0,0.0,2023-03-31 10:35:00+05:30-2.0,3158100.0,3.0476890001662014,35.0,210.0,200.0
2023-03-31 11:12:00+05:30,85741,NIFTYWEEKLYOPTIONCall,200.05,202.0,200.0,200.65,19100.0,2450300,CE,17100,2023-04-06,17247.4,17248.1,17245.9,,4.991591945583541,6.235074761551759,False,-2.0,0.0,2023-03-31 10:35:00+05:30-2.0,3158100.0,3.0476890001662014,36.0,210.0,200.0
2023-03-31 11:13:00+05:30,85742,NIFTYWEEKLYOPTIONCall,200.4,200.95,196.55,198.0,69050.0,2450300,CE,17100,2023-04-06,17242.5,17247.6,17242.3,,4.9830761850090255,6.221614685145887,False,-2.0,0.0,2023-03-31 10:35:00+05:30-2.0,3158100.0,3.0476890001662014,37.0,210.0,200.0
2023-03-31 11:14:00+05:30,85743,NIFTYWEEKLYOPTIONCall,197.65,201.45,196.6,200.6,33200.0,2454500,CE,17100,2023-04-06,17245.5,17246.5,17241.8,,4.981169169034484,6.19980955516359,False,-2.0,0.0,2023-03-31 10:35:00+05:30-2.0,3158100.0,3.0476890001662014,38.0,210.0,200.0
2023-03-31 11:15:00+05:30,85744,NIFTYWEEKLYOPTIONCall,200.15,200.5,197.95,199.9,28700.0,2454500,CE,17100,2023-04-06,17244.25,17245.9,17242.1,,4.946483521252941,6.16557131702151,False,-2.0,0.0,2023-03-31 10:35:00+05:30-2.0,3158100.0,3.0476890001662014,39.0,210.0,200.0
2023-03-31 11:16:00+05:30,85745,NIFTYWEEKLYOPTIONCall,200.6,204.0,199.4,202.55,29500.0,2454500,CE,17100,2023-04-06,17247.4,17248.45,17244.05,,4.9415617074509575,6.140491298078413,False,-2.0,0.0,2023-03-31 10:35:00+05:30-2.0,3158100.0,3.0476890001662014,40.0,210.0,200.0
2023-03-31 11:17:00+05:30,85746,NIFTYWEEKLYOPTIONCall,202.65,205.65,200.95,205.55,49450.0,2454500,CE,17100,2023-04-06,17251.75,17251.75,17246.95,,4.938145018287847,6.121531165118096,False,-2.0,0.0,2023-03-31 10:35:00+05:30-2.0,3158100.0,3.0476890001662014,41.0,210.0,200.0
2023-03-31 11:18:00+05:30,85747,NIFTYWEEKLYOPTIONCall,204.8,206.6,202.15,203.75,72600.0,2454500,CE,17100,2023-04-06,17251.8,17254.6,17250.8,,4.931269786390151,6.088833781103189,False,-2.0,0.0,2023-03-31 10:35:00+05:30-2.0,3158100.0,3.0476890001662014,42.0,210.0,200.0
2023-03-31 11:19:00+05:30,85748,NIFTYWEEKLYOPTIONCall,203.55,204.7,201.85,204.3,18700.0,2454500,CE,17100,2023-04-06,17250.3,17251.2,17248.65,,4.902078460236223,6.039199057251306,False,-2.0,0.0,2023-03-31 10:35:00+05:30-2.0,3158100.0,3.0476890001662014,43.0,210.0,200.0
2023-03-31 11:20:00+05:30,85749,NIFTYWEEKLYOPTIONCall,203.9,206.5,203.9,205.1,32500.0,2408850,CE,17100,2023-04-06,17251.7,17253.75,17249.35,,4.869922765293927,6.016302537543104,False,-2.0,0.0,2023-03-31 10:35:00+05:30-2.0,3158100.0,3.0476890001662014,44.0,210.0,200.0
2023-03-31 11:21:00+05:30,85750,NIFTYWEEKLYOPTIONCall,204.8,205.6,203.55,204.9,33250.0,2408850,CE,17100,2023-04-06,17251.65,17252.1,17250.1,,4.830693312988346,5.960429606986118,False,-2.0,0.0,2023-03-31 10:35:00+05:30-2.0,3158100.0,3.0476890001662014,45.0,210.0,200.0
2023-03-31 11:22:00+05:30,85751,NIFTYWEEKLYOPTIONCall,205.05,207.45,204.0,206.5,34400.0,2408850,CE,17100,2023-04-06,17253.7,17253.7,17249.55,,4.811562475659778,5.935344358886319,False,-2.0,0.0,2023-03-31 10:35:00+05:30-2.0,3158100.0,3.0476890001662014,46.0,210.0,200.0
2023-03-31 11:23:00+05:30,85752,NIFTYWEEKLYOPTIONCall,207.1,207.7,204.5,206.5,40750.0,2424300,CE,17100,2023-04-06,17254.45,17254.75,17253.2,,4.789320689135884,5.874820553860271,False,-2.0,0.0,2023-03-31 10:35:00+05:30-2.0,3158100.0,3.0476890001662014,47.0,210.0,200.0
2023-03-31 11:24:00+05:30,85753,NIFTYWEEKLYOPTIONCall,206.5,206.7,202.35,202.7,33800.0,2424300,CE,17100,2023-04-06,17249.4,17254.9,17249.3,,4.783281014341329,5.8710423872197985,False,-2.0,0.0,2023-03-31 10:35:00+05:30-2.0,3158100.0,3.0476890001662014,48.0,210.0,200.0
2023-03-31 11:25:00+05:30,85754,NIFTYWEEKLYOPTIONCall,202.25,206.55,202.25,206.2,23300.0,2424300,CE,17100,2023-04-06,17252.9,17253.85,17249.05,,4.776662443715827,5.85637437943061,False,-2.0,0.0,2023-03-31 10:35:00+05:30-2.0,3158100.0,3.0476890001662014,49.0,210.0,200.0
2023-03-31 11:26:00+05:30,85755,NIFTYWEEKLYOPTIONCall,206.55,212.4,206.4,210.35,109650.0,2426550,CE,17100,2023-04-06,17259.4,17259.75,17253.2,,4.7960814833939,5.869930724702164,False,-2.0,0.0,2023-03-31 10:35:00+05:30-2.0,3158100.0,3.0476890001662014,50.0,210.0,200.0
2023-03-31 11:27:00+05:30,85756,NIFTYWEEKLYOPTIONCall,210.1,210.55,205.8,208.55,39600.0,2426550,CE,17100,2023-04-06,17254.85,17259.6,17253.65,,4.795455123337453,5.871019061971274,False,-2.0,0.0,2023-03-31 10:35:00+05:30-2.0,3158100.0,3.0476890001662014,51.0,210.0,200.0
2023-03-31 11:28:00+05:30,85757,NIFTYWEEKLYOPTIONCall,208.65,209.1,207.0,208.1,12850.0,2426550,CE,17100,2023-04-06,17256.1,17256.7,17254.35,,4.758952045678716,5.823335822452966,False,-2.0,0.0,2023-03-31 10:35:00+05:30-2.0,3158100.0,3.0476890001662014,52.0,210.0,200.0
2023-03-31 11:29:00+05:30,85758,NIFTYWEEKLYOPTIONCall,207.75,211.0,207.5,210.5,34050.0,2437750,CE,17100,2023-04-06,17259.0,17259.0,17255.85,,4.741964604370448,5.787263649936895,False,-2.0,0.0,2023-03-31 10:35:00+05:30-2.0,3158100.0,3.0476890001662014,53.0,210.0,200.0
2023-03-31 11:30:00+05:30,85759,NIFTYWEEKLYOPTIONCall,210.5,212.4,208.9,210.4,38850.0,2437750,CE,17100,2023-04-06,17261.05,17261.6,17258.6,,4.725266365585846,5.7497888347783075,False,-2.0,0.0,2023-03-31 10:35:00+05:30-2.0,3158100.0,3.0476890001662014,54.0,210.0,200.0
2023-03-31 11:31:00+05:30,85760,NIFTYWEEKLYOPTIONCall,210.1,214.85,209.5,214.0,86200.0,2437750,CE,17100,2023-04-06,17264.35,17265.05,17259.75,,4.733636258564603,5.7437627715046835,False,-2.0,0.0,2023-03-31 10:35:00+05:30-2.0,3158100.0,3.0476890001662014,55.0,210.0,200.0
2023-03-31 11:32:00+05:30,85761,NIFTYWEEKLYOPTIONCall,213.8,218.0,213.0,215.25,87850.0,2452300,CE,17100,2023-04-06,17264.75,17269.45,17263.4,,4.737192442700542,5.747851300851575,False,-2.0,0.0,2023-03-31 10:35:00+05:30-2.0,3158100.0,3.0476890001662014,56.0,210.0,200.0
2023-03-31 11:33:00+05:30,85762,NIFTYWEEKLYOPTIONCall,215.45,216.5,212.6,215.25,55550.0,2452300,CE,17100,2023-04-06,17264.25,17265.75,17260.6,,4.726053633791288,5.739896915388136,False,-2.0,0.0,2023-03-31 10:35:00+05:30-2.0,3158100.0,3.0476890001662014,57.0,210.0,200.0
2023-03-31 11:34:00+05:30,85763,NIFTYWEEKLYOPTIONCall,215.25,216.0,213.2,215.2,45050.0,2452300,CE,17100,2023-04-06,17264.35,17264.95,17261.45,,4.700514508580392,5.710196284638309,False,-2.0,0.0,2023-03-31 10:35:00+05:30-2.0,3158100.0,3.0476890001662014,58.0,210.0,200.0
2023-03-31 11:35:00+05:30,85764,NIFTYWEEKLYOPTIONCall,216.0,216.0,213.35,214.5,27550.0,2448450,CE,17100,2023-04-06,17263.85,17265.7,17262.5,,4.673416073570313,5.677022956384765,False,-2.0,0.0,2023-03-31 10:35:00+05:30-2.0,3158100.0,3.0476890001662014,59.0,210.0,200.0
2023-03-31 11:36:00+05:30,85765,NIFTYWEEKLYOPTIONCall,214.5,215.0,213.55,213.55,11750.0,2448450,CE,17100,2023-04-06,17263.1,17264.4,17262.15,,4.630957962651034,5.631882981437648,False,-2.0,0.0,2023-03-31 10:35:00+05:30-2.0,3158100.0,3.0476890001662014,60.0,210.0,200.0
2023-03-31 11:37:00+05:30,85766,NIFTYWEEKLYOPTIONCall,214.05,218.5,214.05,215.6,62100.0,2448450,CE,17100,2023-04-06,17266.25,17270.3,17262.2,,4.635146612377712,5.664286478359576,False,-2.0,0.0,2023-03-31 10:35:00+05:30-2.0,3158100.0,3.0476890001662014,61.0,210.0,200.0
2023-03-31 11:38:00+05:30,85767,NIFTYWEEKLYOPTIONCall,215.85,217.65,214.2,217.4,35700.0,2445750,CE,17100,2023-04-06,17269.75,17271.0,17265.5,,4.619637082389027,5.662136528272184,False,-2.0,0.0,2023-03-31 10:35:00+05:30-2.0,3158100.0,3.0476890001662014,62.0,210.0,200.0
2023-03-31 11:39:00+05:30,85768,NIFTYWEEKLYOPTIONCall,217.8,219.25,217.1,218.8,48900.0,2445750,CE,17100,2023-04-06,17272.3,17273.9,17269.05,,4.5874205788446645,5.651542178386488,False,-2.0,0.0,2023-03-31 10:35:00+05:30-2.0,3158100.0,3.0476890001662014,63.0,210.0,200.0
2023-03-31 11:40:00+05:30,85769,NIFTYWEEKLYOPTIONCall,219.8,221.8,219.5,221.6,109350.0,2445750,CE,17100,2023-04-06,17278.2,17279.7,17272.6,,4.566777523658876,5.674279386019194,True,1.0,0.0,2023-03-31 11:40:00+05:301.0,2049600.0,1.9779435023402192,0.0,220.0,210.0
2023-03-31 11:41:00+05:30,85770,NIFTYWEEKLYOPTIONCall,221.7,221.7,218.5,219.75,49750.0,2399000,CE,17100,2023-04-06,17275.85,17278.35,17274.55,,4.54905872809486,5.649981376507131,True,1.0,0.0,2023-03-31 11:40:00+05:301.0,2049600.0,1.9779435023402192,0.0,220.0,210.0
2023-03-31 11:42:00+05:30,85771,NIFTYWEEKLYOPTIONCall,220.8,223.55,220.5,222.95,76450.0,2399000,CE,17100,2023-04-06,17281.0,17283.35,17275.7,,4.539377642565495,5.675830286116103,True,1.0,0.0,2023-03-31 11:40:00+05:301.0,2049600.0,1.9779435023402192,1.0,220.0,210.0
2023-03-31 11:43:00+05:30,85772,NIFTYWEEKLYOPTIONCall,223.2,224.8,221.5,224.2,70900.0,2399000,CE,17100,2023-04-06,17282.15,17282.15,17277.45,,4.523407793747538,5.66325634448118,True,1.0,0.0,2023-03-31 11:40:00+05:301.0,2049600.0,1.9779435023402192,2.0,220.0,210.0
2023-03-31 11:44:00+05:30,85773,NIFTYWEEKLYOPTIONCall,224.45,225.2,219.0,220.2,54400.0,2367100,CE,17100,2023-04-06,17275.5,17281.75,17274.0,,4.544947035833929,5.690064817406703,True,1.0,0.0,2023-03-31 11:40:00+05:301.0,2049600.0,1.9779435023402192,3.0,220.0,210.0
2023-03-31 11:45:00+05:30,85774,NIFTYWEEKLYOPTIONCall,220.2,221.75,219.25,221.5,30000.0,2367100,CE,17100,2023-04-06,17276.05,17277.1,17273.3,,4.518752695382622,5.6658544097850605,True,1.0,0.0,2023-03-31 11:40:00+05:301.0,2049600.0,1.9779435023402192,4.0,220.0,210.0
2023-03-31 11:46:00+05:30,85775,NIFTYWEEKLYOPTIONCall,221.25,222.7,217.0,217.0,52600.0,2367100,CE,17100,2023-04-06,17272.65,17278.05,17271.25,,4.533839768816279,5.680339892830935,True,1.0,0.0,2023-03-31 11:40:00+05:301.0,2049600.0,1.9779435023402192,5.0,220.0,210.0
2023-03-31 11:47:00+05:30,85776,NIFTYWEEKLYOPTIONCall,216.7,219.05,215.1,216.25,98600.0,2379500,CE,17100,2023-04-06,17271.5,17272.55,17269.75,,4.526404225578861,5.64365706826927,True,1.0,0.0,2023-03-31 11:40:00+05:301.0,2049600.0,1.9779435023402192,6.0,220.0,210.0
2023-03-31 11:48:00+05:30,85777,NIFTYWEEKLYOPTIONCall,216.0,218.45,215.9,216.95,36000.0,2379500,CE,17100,2023-04-06,17268.6,17272.25,17268.2,,4.5013047010830665,5.623418275968963,True,1.0,0.0,2023-03-31 11:40:00+05:301.0,2049600.0,1.9779435023402192,7.0,220.0,210.0
2023-03-31 11:49:00+05:30,85778,NIFTYWEEKLYOPTIONCall,216.95,220.75,216.75,219.75,40900.0,2379500,CE,17100,2023-04-06,17272.65,17275.25,17268.65,,4.494956103808274,5.636419059567169,True,1.0,0.0,2023-03-31 11:40:00+05:301.0,2049600.0,1.9779435023402192,8.0,220.0,210.0
2023-03-31 11:50:00+05:30,85779,NIFTYWEEKLYOPTIONCall,220.6,225.7,220.25,225.7,125950.0,2412250,CE,17100,2023-04-06,17285.5,17285.5,17272.7,,4.513332219940632,5.72752119156365,True,1.0,0.0,2023-03-31 11:40:00+05:301.0,2049600.0,1.9779435023402192,9.0,220.0,210.0
2023-03-31 11:51:00+05:30,85780,NIFTYWEEKLYOPTIONCall,225.9,228.55,225.0,225.7,81350.0,2412250,CE,17100,2023-04-06,17286.2,17288.0,17284.7,,4.501199156686553,5.696946829408834,True,1.0,0.0,2023-03-31 11:40:00+05:301.0,2049600.0,1.9779435023402192,10.0,220.0,210.0
2023-03-31 11:52:00+05:30,85781,NIFTYWEEKLYOPTIONCall,227.25,229.5,225.3,229.35,114000.0,2412250,CE,17100,2023-04-06,17289.6,17291.1,17285.25,,4.49741577850973,5.6988693381962845,True,1.0,0.0,2023-03-31 11:40:00+05:301.0,2049600.0,1.9779435023402192,11.0,220.0,210.0
2023-03-31 11:53:00+05:30,85782,NIFTYWEEKLYOPTIONCall,228.95,229.75,226.1,228.4,82150.0,2358850,CE,17100,2023-04-06,17286.3,17291.95,17284.75,,4.486799584840028,5.7176750935685385,True,1.0,0.0,2023-03-31 11:40:00+05:301.0,2049600.0,1.9779435023402192,12.0,220.0,210.0
2023-03-31 11:54:00+05:30,85783,NIFTYWEEKLYOPTIONCall,228.15,228.15,223.7,223.75,48700.0,2358850,CE,17100,2023-04-06,17280.8,17286.35,17280.8,,4.486339777474366,5.715580008980044,True,1.0,0.0,2023-03-31 11:40:00+05:301.0,2049600.0,1.9779435023402192,13.0,220.0,210.0
2023-03-31 11:55:00+05:30,85784,NIFTYWEEKLYOPTIONCall,224.35,226.15,223.9,224.75,61200.0,2358850,CE,17100,2023-04-06,17278.05,17281.7,17277.65,,4.460338602246918,5.694822585794992,True,1.0,0.0,2023-03-31 11:40:00+05:301.0,2049600.0,1.9779435023402192,14.0,220.0,210.0
2023-03-31 11:56:00+05:30,85785,NIFTYWEEKLYOPTIONCall,225.1,229.15,222.45,227.15,57250.0,2343300,CE,17100,2023-04-06,17282.05,17285.8,17276.1,,4.488179244056367,5.744609892878135,True,1.0,0.0,2023-03-31 11:40:00+05:301.0,2049600.0,1.9779435023402192,15.0,220.0,210.0
2023-03-31 11:57:00+05:30,85786,NIFTYWEEKLYOPTIONCall,227.15,228.25,222.4,222.4,18100.0,2343300,CE,17100,2023-04-06,17277.95,17283.05,17277.4,,4.505064963122124,5.743436789835722,True,1.0,0.0,2023-03-31 11:40:00+05:301.0,2049600.0,1.9779435023402192,16.0,220.0,210.0
2023-03-31 11:58:00+05:30,85787,NIFTYWEEKLYOPTIONCall,223.15,225.0,222.3,222.6,13050.0,2343300,CE,17100,2023-04-06,17278.25,17279.3,17277.0,,4.482739073795907,5.700846750007603,True,1.0,0.0,2023-03-31 11:40:00+05:301.0,2049600.0,1.9779435023402192,17.0,220.0,210.0
2023-03-31 11:59:00+05:30,85788,NIFTYWEEKLYOPTIONCall,223.0,224.1,220.05,220.05,19200.0,2333400,CE,17100,2023-04-06,17277.15,17279.2,17277.05,,4.4773999283741075,5.657036314766562,True,1.0,0.0,2023-03-31 11:40:00+05:301.0,2049600.0,1.9779435023402192,18.0,220.0,210.0
2023-03-31 12:00:00+05:30,85789,NIFTYWEEKLYOPTIONCall,220.05,224.9,220.05,223.5,19250.0,2333400,CE,17100,2023-04-06,17279.95,17281.25,17276.4,,4.481985901121354,5.647103287836601,True,1.0,0.0,2023-03-31 11:40:00+05:301.0,2049600.0,1.9779435023402192,19.0,220.0,210.0
2023-03-31 12:01:00+05:30,85790,NIFTYWEEKLYOPTIONCall,223.15,224.8,220.0,220.35,23200.0,2333400,CE,17100,2023-04-06,17277.2,17281.55,17277.2,,4.485890629259651,5.631176837644118,True,1.0,0.0,2023-03-31 11:40:00+05:301.0,2049600.0,1.9779435023402192,20.0,220.0,210.0
2023-03-31 12:02:00+05:30,85791,NIFTYWEEKLYOPTIONCall,220.85,221.0,216.7,218.5,38750.0,2308650,CE,17100,2023-04-06,17275.15,17277.35,17274.65,,4.483613589457407,5.595271819982288,True,1.0,0.0,2023-03-31 11:40:00+05:301.0,2049600.0,1.9779435023402192,21.0,220.0,210.0
2023-03-31 12:03:00+05:30,85792,NIFTYWEEKLYOPTIONCall,218.65,223.15,218.65,222.85,17550.0,2308650,CE,17100,2023-04-06,17277.65,17278.35,17274.8,,4.485646940169854,5.570277261239492,True,1.0,0.0,2023-03-31 11:40:00+05:301.0,2049600.0,1.9779435023402192,22.0,220.0,210.0
2023-03-31 12:04:00+05:30,85793,NIFTYWEEKLYOPTIONCall,222.1,222.15,219.75,220.75,16550.0,2308650,CE,17100,2023-04-06,17276.15,17278.05,17275.3,,4.460217957749299,5.535891392991191,True,1.0,0.0,2023-03-31 11:40:00+05:301.0,2049600.0,1.9779435023402192,23.0,220.0,210.0
2023-03-31 12:05:00+05:30,85794,NIFTYWEEKLYOPTIONCall,221.2,222.8,219.45,221.1,13650.0,2302500,CE,17100,2023-04-06,17277.4,17278.45,17275.8,,4.446712713570896,5.500785972778309,True,1.0,0.0,2023-03-31 11:40:00+05:301.0,2049600.0,1.9779435023402192,24.0,220.0,210.0
2023-03-31 12:06:00+05:30,85795,NIFTYWEEKLYOPTIONCall,221.35,221.55,219.75,221.4,9200.0,2302500,CE,17100,2023-04-06,17276.55,17277.95,17275.3,,4.414589493101443,5.466185909898352,True,1.0,0.0,2023-03-31 11:40:00+05:301.0,2049600.0,1.9779435023402192,25.0,220.0,210.0
2023-03-31 12:07:00+05:30,85796,NIFTYWEEKLYOPTIONCall,221.4,223.85,218.6,223.4,29400.0,2302500,CE,17100,2023-04-06,17280.35,17280.85,17275.1,,4.424706270495486,5.469622883634187,True,1.0,0.0,2023-03-31 11:40:00+05:301.0,2049600.0,1.9779435023402192,26.0,220.0,210.0
2023-03-31 12:08:00+05:30,85797,NIFTYWEEKLYOPTIONCall,223.6,224.0,220.8,222.2,14850.0,2306850,CE,17100,2023-04-06,17277.9,17280.55,17277.5,,4.409907830958327,5.4403859606194045,True,1.0,0.0,2023-03-31 11:40:00+05:301.0,2049600.0,1.9779435023402192,27.0,220.0,210.0
2023-03-31 12:09:00+05:30,85798,NIFTYWEEKLYOPTIONCall,221.85,222.15,218.9,220.0,8800.0,2306850,CE,17100,2023-04-06,17275.0,17279.1,17274.3,,4.395922886431452,5.432664862532101,True,1.0,0.0,2023-03-31 11:40:00+05:301.0,2049600.0,1.9779435023402192,28.0,220.0,210.0
2023-03-31 12:10:00+05:30,85799,NIFTYWEEKLYOPTIONCall,219.7,224.1,219.7,223.9,25350.0,2306850,CE,17100,2023-04-06,17280.3,17281.2,17275.2,,4.3959719382107085,5.4418966764478105,True,1.0,0.0,2023-03-31 11:40:00+05:301.0,2049600.0,1.9779435023402192,29.0,220.0,210.0
2023-03-31 12:11:00+05:30,85800,NIFTYWEEKLYOPTIONCall,224.0,224.1,220.65,221.45,9700.0,2302850,CE,17100,2023-04-06,17276.25,17280.65,17275.6,,4.384615133987556,5.437191786534789,True,1.0,0.0,2023-03-31 11:40:00+05:301.0,2049600.0,1.9779435023402192,30.0,220.0,210.0
2023-03-31 12:12:00+05:30,85801,NIFTYWEEKLYOPTIONCall,221.75,222.0,217.9,220.9,15850.0,2302850,CE,17100,2023-04-06,17276.15,17277.3,17274.15,,4.381205381249998,5.40979071918394,True,1.0,0.0,2023-03-31 11:40:00+05:301.0,2049600.0,1.9779435023402192,31.0,220.0,210.0
2023-03-31 12:13:00+05:30,85802,NIFTYWEEKLYOPTIONCall,220.9,223.3,220.8,223.3,8350.0,2302850,CE,17100,2023-04-06,17281.45,17281.45,17275.4,,4.358714884494886,5.417444654738389,True,1.0,0.0,2023-03-31 11:40:00+05:301.0,2049600.0,1.9779435023402192,32.0,220.0,210.0
2023-03-31 12:14:00+05:30,85803,NIFTYWEEKLYOPTIONCall,223.2,224.45,221.75,221.8,12150.0,2297200,CE,17100,2023-04-06,17278.7,17282.2,17278.05,,4.33892499865424,5.402322957054812,True,1.0,0.0,2023-03-31 11:40:00+05:301.0,2049600.0,1.9779435023402192,33.0,220.0,210.0
2023-03-31 12:15:00+05:30,85804,NIFTYWEEKLYOPTIONCall,221.8,224.8,216.05,216.2,31500.0,2297200,CE,17100,2023-04-06,17272.25,17281.5,17271.65,,4.391446281330587,5.455280048728447,True,1.0,0.0,2023-03-31 11:40:00+05:301.0,2049600.0,1.9779435023402192,34.0,220.0,210.0
2023-03-31 12:16:00+05:30,85805,NIFTYWEEKLYOPTIONCall,215.85,217.25,214.1,217.25,88800.0,2297200,CE,17100,2023-04-06,17270.85,17273.2,17269.55,,4.376694358779545,5.433828172910496,True,1.0,0.0,2023-03-31 11:40:00+05:301.0,2049600.0,1.9779435023402192,35.0,220.0,210.0
2023-03-31 12:17:00+05:30,85806,NIFTYWEEKLYOPTIONCall,217.25,217.75,214.1,215.05,41700.0,2347600,CE,17100,2023-04-06,17270.0,17272.0,17268.65,,4.368076237120161,5.409115328377659,True,1.0,0.0,2023-03-31 11:40:00+05:301.0,2049600.0,1.9779435023402192,36.0,220.0,210.0
2023-03-31 12:18:00+05:30,85807,NIFTYWEEKLYOPTIONCall,215.05,220.0,214.55,217.25,73550.0,2347600,CE,17100,2023-04-06,17276.55,17276.7,17269.15,,4.3808820696731114,5.4344552012601905,True,1.0,0.0,2023-03-31 11:40:00+05:301.0,2049600.0,1.9779435023402192,37.0,220.0,210.0
2023-03-31 12:19:00+05:30,85808,NIFTYWEEKLYOPTIONCall,217.8,227.3,217.5,226.0,90350.0,2347600,CE,17100,2023-04-06,17284.0,17284.4,17274.65,,4.447853106900082,5.485436061937823,True,1.0,0.0,2023-03-31 11:40:00+05:301.0,2049600.0,1.9779435023402192,38.0,220.0,210.0
2023-03-31 12:20:00+05:30,85809,NIFTYWEEKLYOPTIONCall,225.4,229.2,225.0,227.4,51300.0,2290000,CE,17100,2023-04-06,17286.95,17287.9,17282.65,,4.444930730278241,5.482660091719209,True,1.0,0.0,2023-03-31 11:40:00+05:301.0,2049600.0,1.9779435023402192,39.0,220.0,210.0
2023-03-31 12:21:00+05:30,85810,NIFTYWEEKLYOPTIONCall,228.85,230.0,227.2,227.2,48850.0,2290000,CE,17100,2023-04-06,17286.25,17289.25,17286.25,,4.425572328937542,5.453442855051797,True,1.0,0.0,2023-03-31 11:40:00+05:301.0,2049600.0,1.9779435023402192,40.0,220.0,210.0
2023-03-31 12:22:00+05:30,85811,NIFTYWEEKLYOPTIONCall,227.0,229.8,225.4,229.4,32050.0,2290000,CE,17100,2023-04-06,17287.45,17287.7,17283.2,,4.425271941438073,5.442243158856173,True,1.0,0.0,2023-03-31 11:40:00+05:301.0,2049600.0,1.9779435023402192,41.0,220.0,210.0
2023-03-31 12:23:00+05:30,85812,NIFTYWEEKLYOPTIONCall,229.4,230.0,226.35,228.6,20700.0,2287100,CE,17100,2023-04-06,17287.8,17288.05,17285.35,,4.416181921254694,5.410090511082684,True,1.0,0.0,2023-03-31 11:40:00+05:301.0,2049600.0,1.9779435023402192,42.0,220.0,210.0
2023-03-31 12:24:00+05:30,85813,NIFTYWEEKLYOPTIONCall,228.55,229.05,227.15,229.0,9250.0,2287100,CE,17100,2023-04-06,17287.75,17288.8,17286.1,,4.386733541348148,5.37837270313036,True,1.0,0.0,2023-03-31 11:40:00+05:301.0,2049600.0,1.9779435023402192,43.0,220.0,210.0
2023-03-31 12:25:00+05:30,85814,NIFTYWEEKLYOPTIONCall,229.25,229.5,226.0,228.45,24750.0,2287100,CE,17100,2023-04-06,17287.15,17289.0,17285.15,,4.376374242825539,5.360517430551545,True,1.0,0.0,2023-03-31 11:40:00+05:301.0,2049600.0,1.9779435023402192,44.0,220.0,210.0
2023-03-31 12:26:00+05:30,85815,NIFTYWEEKLYOPTIONCall,228.35,228.5,225.5,227.65,16700.0,2282250,CE,17100,2023-04-06,17287.4,17287.4,17283.5,,4.360323293613648,5.343485223487922,True,1.0,0.0,2023-03-31 11:40:00+05:301.0,2049600.0,1.9779435023402192,45.0,220.0,210.0
2023-03-31 12:27:00+05:30,85816,NIFTYWEEKLYOPTIONCall,227.65,228.15,226.0,226.0,10200.0,2282250,CE,17100,2023-04-06,17283.6,17287.25,17282.95,,4.3345923351831726,5.331337735839405,True,1.0,0.0,2023-03-31 11:40:00+05:301.0,2049600.0,1.9779435023402192,46.0,220.0,210.0
2023-03-31 12:28:00+05:30,85817,NIFTYWEEKLYOPTIONCall,226.0,228.4,226.0,227.6,7400.0,2282250,CE,17100,2023-04-06,17285.1,17285.15,17283.15,,4.312110358624652,5.292624123920455,True,1.0,0.0,2023-03-31 11:40:00+05:301.0,2049600.0,1.9779435023402192,47.0,220.0,210.0
2023-03-31 12:29:00+05:30,85818,NIFTYWEEKLYOPTIONCall,227.45,234.0,227.0,233.55,41200.0,2275800,CE,17100,2023-04-06,17289.45,17289.45,17283.25,,4.343292798572594,5.303150669850967,True,2.0,1.0,2023-03-31 12:29:00+05:302.0,105600.0,0.10190809613930871,0.0,230.0,220.0
2023-03-31 12:30:00+05:30,85819,NIFTYWEEKLYOPTIONCall,233.4,234.3,229.35,234.25,64400.0,2275800,CE,17100,2023-04-06,17288.55,17289.55,17285.75,,4.35031931547704,5.285742085336406,True,2.0,0.0,2023-03-31 12:29:00+05:302.0,105600.0,0.10190809613930871,0.0,230.0,220.0
2023-03-31 12:31:00+05:30,85820,NIFTYWEEKLYOPTIONCall,234.0,247.35,234.0,245.2,218700.0,2275800,CE,17100,2023-04-06,17305.15,17306.0,17289.0,,4.454373336411828,5.426384847238545,True,3.0,1.0,2023-03-31 12:31:00+05:303.0,218700.0,0.2110539831976024,0.0,240.0,230.0
2023-03-31 12:32:00+05:30,85821,NIFTYWEEKLYOPTIONCall,246.0,252.55,246.0,251.9,149950.0,2212000,CE,17100,2023-04-06,17311.75,17311.95,17305.25,,4.487796963600416,5.442240206406145,True,4.0,1.0,2023-03-31 12:32:00+05:304.0,1891000.0,1.8248883503734163,0.0,250.0,240.0
2023-03-31 12:33:00+05:30,85822,NIFTYWEEKLYOPTIONCall,252.9,258.3,250.65,251.6,128200.0,2212000,CE,17100,2023-04-06,17312.6,17315.4,17311.8,,4.524237798646617,5.4215866528635726,True,4.0,0.0,2023-03-31 12:32:00+05:304.0,1891000.0,1.8248883503734163,0.0,250.0,240.0
2023-03-31 12:34:00+05:30,85823,NIFTYWEEKLYOPTIONCall,251.1,254.05,249.6,250.5,66300.0,2212000,CE,17100,2023-04-06,17311.55,17314.6,17310.45,,4.523383677616147,5.406956788804061,True,4.0,0.0,2023-03-31 12:32:00+05:304.0,1891000.0,1.8248883503734163,1.0,250.0,240.0
2023-03-31 12:35:00+05:30,85824,NIFTYWEEKLYOPTIONCall,250.5,253.75,250.5,251.55,43050.0,2194200,CE,17100,2023-04-06,17313.55,17315.55,17311.05,,4.508756603378278,5.396538778495329,True,4.0,0.0,2023-03-31 12:32:00+05:304.0,1891000.0,1.8248883503734163,2.0,250.0,240.0
2023-03-31 12:36:00+05:30,85825,NIFTYWEEKLYOPTIONCall,251.55,253.8,250.5,253.8,28300.0,2194200,CE,17100,2023-04-06,17316.05,17316.05,17312.7,,4.494893869266201,5.373067863956317,True,4.0,0.0,2023-03-31 12:32:00+05:304.0,1891000.0,1.8248883503734163,3.0,250.0,240.0
2023-03-31 12:37:00+05:30,85826,NIFTYWEEKLYOPTIONCall,254.0,254.0,250.5,251.15,17700.0,2194200,CE,17100,2023-04-06,17313.05,17316.2,17313.0,,4.4835016975757975,5.34818484581154,True,4.0,0.0,2023-03-31 12:32:00+05:304.0,1891000.0,1.8248883503734163,4.0,250.0,240.0
2023-03-31 12:38:00+05:30,85827,NIFTYWEEKLYOPTIONCall,251.2,256.75,251.2,252.6,56750.0,2208250,CE,17100,2023-04-06,17314.65,17319.25,17312.45,,4.49626653683778,5.364783336862604,True,4.0,0.0,2023-03-31 12:32:00+05:304.0,1891000.0,1.8248883503734163,5.0,250.0,240.0
2023-03-31 12:39:00+05:30,85828,NIFTYWEEKLYOPTIONCall,252.8,254.45,251.5,252.1,16950.0,2208250,CE,17100,2023-04-06,17314.9,17316.7,17313.75,,4.478615231008099,5.337217533570673,True,4.0,0.0,2023-03-31 12:32:00+05:304.0,1891000.0,1.8248883503734163,6.0,250.0,240.0
2023-03-31 12:40:00+05:30,85829,NIFTYWEEKLYOPTIONCall,253.95,254.5,251.1,252.1,41150.0,2208250,CE,17100,2023-04-06,17313.65,17315.3,17313.0,,4.466320987430126,5.302598801066664,True,4.0,0.0,2023-03-31 12:32:00+05:304.0,1891000.0,1.8248883503734163,7.0,250.0,240.0
2023-03-31 12:41:00+05:30,85830,NIFTYWEEKLYOPTIONCall,252.0,257.7,252.0,257.7,32750.0,2205800,CE,17100,2023-04-06,17319.3,17319.65,17313.4,,4.48036165344641,5.313381300956924,True,4.0,0.0,2023-03-31 12:32:00+05:304.0,1891000.0,1.8248883503734163,8.0,250.0,240.0
2023-03-31 12:42:00+05:30,85831,NIFTYWEEKLYOPTIONCall,256.9,263.45,256.9,258.8,74700.0,2205800,CE,17100,2023-04-06,17319.25,17321.2,17318.4,,4.503881671558574,5.284818448988252,True,4.0,0.0,2023-03-31 12:32:00+05:304.0,1891000.0,1.8248883503734163,9.0,250.0,240.0
2023-03-31 12:43:00+05:30,85832,NIFTYWEEKLYOPTIONCall,258.8,259.7,256.35,257.15,21100.0,2205800,CE,17100,2023-04-06,17318.35,17319.95,17317.45,,4.490787759619229,5.253217143207166,True,4.0,0.0,2023-03-31 12:32:00+05:304.0,1891000.0,1.8248883503734163,10.0,250.0,240.0
2023-03-31 12:44:00+05:30,85833,NIFTYWEEKLYOPTIONCall,258.0,261.7,257.4,259.85,44450.0,2187500,CE,17100,2023-04-06,17322.25,17323.1,17317.9,,4.491458712137028,5.252614123020845,True,4.0,0.0,2023-03-31 12:32:00+05:304.0,1891000.0,1.8248883503734163,11.0,250.0,240.0
2023-03-31 12:45:00+05:30,85834,NIFTYWEEKLYOPTIONCall,260.0,262.8,252.9,254.25,37350.0,2187500,CE,17100,2023-04-06,17317.9,17323.75,17317.25,,4.552657060945925,5.26672845661574,True,4.0,0.0,2023-03-31 12:32:00+05:304.0,1891000.0,1.8248883503734163,12.0,250.0,240.0
2023-03-31 12:46:00+05:30,85835,NIFTYWEEKLYOPTIONCall,255.45,256.0,250.95,251.8,32300.0,2187500,CE,17100,2023-04-06,17314.8,17318.85,17314.6,,4.558276614214713,5.255240287641809,True,4.0,0.0,2023-03-31 12:32:00+05:304.0,1891000.0,1.8248883503734163,13.0,250.0,240.0
2023-03-31 12:47:00+05:30,85836,NIFTYWEEKLYOPTIONCall,252.0,253.4,248.0,248.0,28450.0,2167450,CE,17100,2023-04-06,17312.15,17315.75,17312.15,,4.567774095348888,5.236563589726672,True,4.0,0.0,2023-03-31 12:32:00+05:304.0,1891000.0,1.8248883503734163,14.0,250.0,240.0
2023-03-31 12:48:00+05:30,85837,NIFTYWEEKLYOPTIONCall,247.55,252.95,247.55,251.2,34400.0,2167450,CE,17100,2023-04-06,17317.0,17317.0,17311.85,,4.577151449716983,5.235588208581131,True,4.0,0.0,2023-03-31 12:32:00+05:304.0,1891000.0,1.8248883503734163,15.0,250.0,240.0
2023-03-31 12:49:00+05:30,85838,NIFTYWEEKLYOPTIONCall,251.15,252.7,250.3,251.05,26800.0,2167450,CE,17100,2023-04-06,17316.55,17318.05,17315.0,,4.552653228782554,5.210995053698643,True,4.0,0.0,2023-03-31 12:32:00+05:304.0,1891000.0,1.8248883503734163,16.0,250.0,240.0
2023-03-31 12:50:00+05:30,85839,NIFTYWEEKLYOPTIONCall,250.05,250.8,247.8,249.0,28250.0,2126250,CE,17100,2023-04-06,17311.85,17315.95,17310.9,,4.535205702761411,5.209185914776556,True,4.0,0.0,2023-03-31 12:32:00+05:304.0,1891000.0,1.8248883503734163,17.0,250.0,240.0
2023-03-31 12:51:00+05:30,85840,NIFTYWEEKLYOPTIONCall,248.1,250.05,244.8,245.5,37350.0,2126250,CE,17100,2023-04-06,17308.55,17311.9,17307.6,,4.5432272939963,5.198982814677678,True,4.0,0.0,2023-03-31 12:32:00+05:304.0,1891000.0,1.8248883503734163,18.0,250.0,240.0
2023-03-31 12:52:00+05:30,85841,NIFTYWEEKLYOPTIONCall,246.0,249.0,245.1,247.35,35200.0,2126250,CE,17100,2023-04-06,17310.0,17312.2,17308.4,,4.536018369427223,5.183303813368834,True,4.0,0.0,2023-03-31 12:32:00+05:304.0,1891000.0,1.8248883503734163,19.0,250.0,240.0
2023-03-31 12:53:00+05:30,85842,NIFTYWEEKLYOPTIONCall,247.5,247.8,245.25,245.85,22300.0,2095700,CE,17100,2023-04-06,17307.9,17310.75,17307.1,,4.513789249505849,5.16614184001152,True,4.0,0.0,2023-03-31 12:32:00+05:304.0,1891000.0,1.8248883503734163,20.0,250.0,240.0
2023-03-31 12:54:00+05:30,85843,NIFTYWEEKLYOPTIONCall,245.5,249.45,245.5,248.7,34400.0,2095700,CE,17100,2023-04-06,17313.05,17314.45,17307.9,,4.507487006699601,5.181611113576588,True,4.0,0.0,2023-03-31 12:32:00+05:304.0,1891000.0,1.8248883503734163,21.0,250.0,240.0
2023-03-31 12:55:00+05:30,85844,NIFTYWEEKLYOPTIONCall,249.2,249.2,245.15,246.5,18850.0,2095700,CE,17100,2023-04-06,17309.6,17313.65,17308.2,,4.502379573427374,5.184607435457525,True,4.0,0.0,2023-03-31 12:32:00+05:304.0,1891000.0,1.8248883503734163,22.0,250.0,240.0
2023-03-31 12:56:00+05:30,85845,NIFTYWEEKLYOPTIONCall,246.7,246.7,244.5,245.9,12800.0,2092450,CE,17100,2023-04-06,17307.55,17309.8,17306.55,,4.476707990818698,5.163036520232294,True,4.0,0.0,2023-03-31 12:32:00+05:304.0,1891000.0,1.8248883503734163,23.0,250.0,240.0
2023-03-31 12:57:00+05:30,85846,NIFTYWEEKLYOPTIONCall,245.8,251.8,245.5,250.75,38400.0,2092450,CE,17100,2023-04-06,17313.95,17313.95,17307.3,,4.497012375783888,5.179595512851346,True,4.0,0.0,2023-03-31 12:32:00+05:304.0,1891000.0,1.8248883503734163,24.0,250.0,240.0
2023-03-31 12:58:00+05:30,85847,NIFTYWEEKLYOPTIONCall,251.3,252.8,248.55,248.6,37800.0,2092450,CE,17100,2023-04-06,17312.95,17315.95,17312.25,,4.494265011505331,5.163138896676476,True,4.0,0.0,2023-03-31 12:32:00+05:304.0,1891000.0,1.8248883503734163,25.0,250.0,240.0
2023-03-31 12:59:00+05:30,85848,NIFTYWEEKLYOPTIONCall,248.5,250.5,248.1,249.6,14200.0,2103600,CE,17100,2023-04-06,17311.5,17313.45,17311.35,,4.471000225910171,5.1291110781874965,True,4.0,0.0,2023-03-31 12:32:00+05:304.0,1891000.0,1.8248883503734163,26.0,250.0,240.0
2023-03-31 13:00:00+05:30,85849,NIFTYWEEKLYOPTIONCall,248.15,250.45,247.6,249.3,14250.0,2103600,CE,17100,2023-04-06,17312.95,17314.05,17310.55,,4.453014570803635,5.111035429884569,True,4.0,0.0,2023-03-31 12:32:00+05:304.0,1891000.0,1.8248883503734163,27.0,250.0,240.0
2023-03-31 13:01:00+05:30,85850,NIFTYWEEKLYOPTIONCall,247.75,249.65,245.65,248.4,12250.0,2103600,CE,17100,2023-04-06,17311.8,17313.1,17309.8,,4.447994186788527,5.090965229257556,True,4.0,0.0,2023-03-31 12:32:00+05:304.0,1891000.0,1.8248883503734163,28.0,250.0,240.0
2023-03-31 13:02:00+05:30,85851,NIFTYWEEKLYOPTIONCall,248.4,249.15,246.35,247.6,12450.0,2101650,CE,17100,2023-04-06,17309.2,17312.0,17308.45,,4.429752383597325,5.073908139698645,True,4.0,0.0,2023-03-31 12:32:00+05:304.0,1891000.0,1.8248883503734163,29.0,250.0,240.0
2023-03-31 13:03:00+05:30,85852,NIFTYWEEKLYOPTIONCall,248.25,258.95,248.2,257.0,32400.0,2101650,CE,17100,2023-04-06,17319.6,17319.6,17308.25,,4.506263884184664,5.143297738550189,True,4.0,0.0,2023-03-31 12:32:00+05:304.0,1891000.0,1.8248883503734163,30.0,250.0,240.0
2023-03-31 13:04:00+05:30,85853,NIFTYWEEKLYOPTIONCall,258.0,259.0,255.35,258.0,53500.0,2101650,CE,17100,2023-04-06,17321.25,17323.4,17317.8,,4.4968078004569465,5.148341294517798,True,4.0,0.0,2023-03-31 12:32:00+05:304.0,1891000.0,1.8248883503734163,31.0,250.0,240.0
2023-03-31 13:05:00+05:30,85854,NIFTYWEEKLYOPTIONCall,258.6,259.05,255.0,256.0,32400.0,2097750,CE,17100,2023-04-06,17321.4,17323.65,17319.85,,4.491879143857485,5.133467983862207,True,4.0,0.0,2023-03-31 12:32:00+05:304.0,1891000.0,1.8248883503734163,32.0,250.0,240.0
2023-03-31 13:06:00+05:30,85855,NIFTYWEEKLYOPTIONCall,255.8,256.0,251.55,255.7,20750.0,2097750,CE,17100,2023-04-06,17320.4,17322.1,17316.5,,4.491417703892007,5.138608406936587,True,4.0,0.0,2023-03-31 12:32:00+05:304.0,1891000.0,1.8248883503734163,33.0,250.0,240.0
2023-03-31 13:07:00+05:30,85856,NIFTYWEEKLYOPTIONCall,255.7,257.55,253.5,257.45,16150.0,2097750,CE,17100,2023-04-06,17321.0,17321.8,17319.4,,4.4865594281870695,5.108467081449508,True,4.0,0.0,2023-03-31 12:32:00+05:304.0,1891000.0,1.8248883503734163,34.0,250.0,240.0
2023-03-31 13:08:00+05:30,85857,NIFTYWEEKLYOPTIONCall,254.8,256.4,253.4,254.55,9200.0,2092850,CE,17100,2023-04-06,17319.9,17321.3,17319.15,,4.470216306332035,5.075941918244134,True,4.0,0.0,2023-03-31 12:32:00+05:304.0,1891000.0,1.8248883503734163,35.0,250.0,240.0
2023-03-31 13:09:00+05:30,85858,NIFTYWEEKLYOPTIONCall,254.55,255.5,253.15,253.5,8950.0,2092850,CE,17100,2023-04-06,17319.15,17321.0,17318.6,,4.446932256646741,5.04655493334394,True,4.0,0.0,2023-03-31 12:32:00+05:304.0,1891000.0,1.8248883503734163,36.0,250.0,240.0
2023-03-31 13:10:00+05:30,85859,NIFTYWEEKLYOPTIONCall,253.5,255.35,251.75,252.85,27500.0,2092850,CE,17100,2023-04-06,17318.7,17319.8,17317.25,,4.437641355659777,5.019167566158214,True,4.0,0.0,2023-03-31 12:32:00+05:304.0,1891000.0,1.8248883503734163,37.0,250.0,240.0
2023-03-31 13:11:00+05:30,85860,NIFTYWEEKLYOPTIONCall,254.15,254.3,250.0,251.65,25200.0,2086800,CE,17100,2023-04-06,17315.95,17319.15,17315.05,,4.436133033698377,5.009095007517726,True,4.0,0.0,2023-03-31 12:32:00+05:304.0,1891000.0,1.8248883503734163,38.0,250.0,240.0
2023-03-31 13:12:00+05:30,85861,NIFTYWEEKLYOPTIONCall,251.65,256.0,250.7,256.0,15500.0,2086800,CE,17100,2023-04-06,17321.2,17321.35,17315.6,,4.44558959011553,5.017205527001015,True,4.0,0.0,2023-03-31 12:32:00+05:304.0,1891000.0,1.8248883503734163,39.0,250.0,240.0
2023-03-31 13:13:00+05:30,85862,NIFTYWEEKLYOPTIONCall,256.3,260.9,254.55,255.2,47250.0,2086800,CE,17100,2023-04-06,17320.2,17325.2,17319.95,,4.4664149615743085,5.019751213239965,True,4.0,0.0,2023-03-31 12:32:00+05:304.0,1891000.0,1.8248883503734163,40.0,250.0,240.0
2023-03-31 13:14:00+05:30,85863,NIFTYWEEKLYOPTIONCall,256.95,256.95,249.0,252.45,12850.0,2079600,CE,17100,2023-04-06,17317.2,17320.9,17315.65,,4.504469779384474,5.022266459899516,True,4.0,0.0,2023-03-31 12:32:00+05:304.0,1891000.0,1.8248883503734163,41.0,250.0,240.0
2023-03-31 13:15:00+05:30,85864,NIFTYWEEKLYOPTIONCall,251.45,252.0,246.5,248.95,29000.0,2079600,CE,17100,2023-04-06,17313.0,17317.5,17312.4,,4.515333875553191,5.023114756252236,True,4.0,0.0,2023-03-31 12:32:00+05:304.0,1891000.0,1.8248883503734163,42.0,250.0,240.0
2023-03-31 13:16:00+05:30,85865,NIFTYWEEKLYOPTIONCall,249.65,255.9,249.65,254.05,23100.0,2079600,CE,17100,2023-04-06,17320.1,17321.1,17313.0,,4.541876223172004,5.056658475821285,True,4.0,0.0,2023-03-31 12:32:00+05:304.0,1891000.0,1.8248883503734163,43.0,250.0,240.0
2023-03-31 13:17:00+05:30,85866,NIFTYWEEKLYOPTIONCall,254.05,254.95,251.0,251.7,22750.0,2082450,CE,17100,2023-04-06,17317.75,17321.05,17316.25,,4.535430133154105,5.053863223073779,True,4.0,0.0,2023-03-31 12:32:00+05:304.0,1891000.0,1.8248883503734163,44.0,250.0,240.0
2023-03-31 13:18:00+05:30,85867,NIFTYWEEKLYOPTIONCall,252.2,254.6,250.4,252.15,14950.0,2082450,CE,17100,2023-04-06,17319.75,17322.95,17318.05,,4.531780595671132,5.055453216316248,True,4.0,0.0,2023-03-31 12:32:00+05:304.0,1891000.0,1.8248883503734163,45.0,250.0,240.0
2023-03-31 13:19:00+05:30,85868,NIFTYWEEKLYOPTIONCall,252.25,258.0,252.25,255.4,34700.0,2082450,CE,17100,2023-04-06,17323.85,17324.9,17318.05,,4.546109019158849,5.074959093866476,True,4.0,0.0,2023-03-31 12:32:00+05:304.0,1891000.0,1.8248883503734163,46.0,250.0,240.0
2023-03-31 13:20:00+05:30,85869,NIFTYWEEKLYOPTIONCall,255.6,258.3,252.5,253.85,19200.0,2078850,CE,17100,2023-04-06,17322.65,17324.85,17321.65,,4.559725035373437,5.054598892051571,True,4.0,0.0,2023-03-31 12:32:00+05:304.0,1891000.0,1.8248883503734163,47.0,250.0,240.0
2023-03-31 13:21:00+05:30,85870,NIFTYWEEKLYOPTIONCall,253.85,254.1,250.7,250.7,13900.0,2078850,CE,17100,2023-04-06,17315.4,17322.6,17315.4,,4.5471436214761916,5.077873529134817,True,4.0,0.0,2023-03-31 12:32:00+05:304.0,1891000.0,1.8248883503734163,48.0,250.0,240.0
2023-03-31 13:22:00+05:30,85871,NIFTYWEEKLYOPTIONCall,250.45,252.5,250.0,252.5,34900.0,2078850,CE,17100,2023-04-06,17315.3,17315.85,17313.25,,4.524955967969169,5.051017475303551,True,4.0,0.0,2023-03-31 12:32:00+05:304.0,1891000.0,1.8248883503734163,49.0,250.0,240.0
2023-03-31 13:23:00+05:30,85872,NIFTYWEEKLYOPTIONCall,252.25,253.2,250.4,252.9,19250.0,2073750,CE,17100,2023-04-06,17317.5,17318.1,17314.9,,4.506277804251976,5.03097429270112,True,4.0,0.0,2023-03-31 12:32:00+05:304.0,1891000.0,1.8248883503734163,50.0,250.0,240.0
2023-03-31 13:24:00+05:30,85873,NIFTYWEEKLYOPTIONCall,252.9,255.4,251.9,255.4,13750.0,2073750,CE,17100,2023-04-06,17321.35,17321.35,17317.55,,4.495391723208055,5.018198315921324,True,4.0,0.0,2023-03-31 12:32:00+05:304.0,1891000.0,1.8248883503734163,51.0,250.0,240.0
2023-03-31 13:25:00+05:30,85874,NIFTYWEEKLYOPTIONCall,255.4,255.65,251.05,252.95,16350.0,2073750,CE,17100,2023-04-06,17320.95,17323.75,17318.7,,4.4965223559957845,5.01854203658881,True,4.0,0.0,2023-03-31 12:32:00+05:304.0,1891000.0,1.8248883503734163,52.0,250.0,240.0
2023-03-31 13:26:00+05:30,85875,NIFTYWEEKLYOPTIONCall,252.75,255.0,251.85,253.6,22750.0,2074300,CE,17100,2023-04-06,17321.5,17324.3,17320.1,,4.481981992790325,5.009703045941584,True,4.0,0.0,2023-03-31 12:32:00+05:304.0,1891000.0,1.8248883503734163,53.0,250.0,240.0
2023-03-31 13:27:00+05:30,85876,NIFTYWEEKLYOPTIONCall,253.0,258.45,253.0,258.0,33150.0,2074300,CE,17100,2023-04-06,17326.75,17326.75,17321.65,,4.492425720321723,5.012295555477688,True,4.0,0.0,2023-03-31 12:32:00+05:304.0,1891000.0,1.8248883503734163,54.0,250.0,240.0
2023-03-31 13:28:00+05:30,85877,NIFTYWEEKLYOPTIONCall,258.05,259.0,255.6,257.2,28250.0,2074300,CE,17100,2023-04-06,17326.85,17328.2,17324.2,,4.480650240168653,5.001383814751684,True,4.0,0.0,2023-03-31 12:32:00+05:304.0,1891000.0,1.8248883503734163,55.0,250.0,240.0
2023-03-31 13:29:00+05:30,85878,NIFTYWEEKLYOPTIONCall,258.0,258.0,254.05,256.3,20850.0,2076500,CE,17100,2023-04-06,17325.55,17327.15,17323.25,,4.47493527172146,4.989522190515829,True,4.0,0.0,2023-03-31 12:32:00+05:304.0,1891000.0,1.8248883503734163,56.0,250.0,240.0
2023-03-31 13:30:00+05:30,85879,NIFTYWEEKLYOPTIONCall,255.55,255.8,252.0,252.0,13000.0,2076500,CE,17100,2023-04-06,17320.35,17325.85,17320.1,,4.467672699497686,4.99770523450147,True,4.0,0.0,2023-03-31 12:32:00+05:304.0,1891000.0,1.8248883503734163,57.0,250.0,240.0
2023-03-31 13:31:00+05:30,85880,NIFTYWEEKLYOPTIONCall,252.0,252.0,249.0,250.1,20300.0,2076500,CE,17100,2023-04-06,17315.35,17321.25,17314.45,,4.45189351770777,5.0170819911540505,True,4.0,0.0,2023-03-31 12:32:00+05:304.0,1891000.0,1.8248883503734163,58.0,250.0,240.0
2023-03-31 13:32:00+05:30,85881,NIFTYWEEKLYOPTIONCall,249.55,254.0,249.55,253.65,10050.0,2076500,CE,17100,2023-04-06,17318.0,17318.6,17314.35,,4.451873177491417,5.00884197649948,True,4.0,0.0,2023-03-31 12:32:00+05:304.0,1891000.0,1.8248883503734163,59.0,250.0,240.0
2023-03-31 13:33:00+05:30,85882,NIFTYWEEKLYOPTIONCall,253.65,267.7,253.65,263.7,70400.0,2073450,CE,17100,2023-04-06,17329.9,17332.0,17318.8,,4.5548898641611775,5.105344067588038,True,5.0,1.0,2023-03-31 13:33:00+05:305.0,396700.0,0.3828308876748463,0.0,260.0,250.0
2023-03-31 13:34:00+05:30,85883,NIFTYWEEKLYOPTIONCall,264.5,264.5,260.0,261.7,43500.0,2073450,CE,17100,2023-04-06,17328.65,17331.55,17326.45,,4.554301221054209,5.105286757397936,True,5.0,0.0,2023-03-31 13:33:00+05:305.0,396700.0,0.3828308876748463,0.0,260.0,250.0
2023-03-31 13:35:00+05:30,85884,NIFTYWEEKLYOPTIONCall,263.2,265.0,261.25,264.6,38450.0,2060300,CE,17100,2023-04-06,17334.85,17335.3,17329.0,,4.545682926764304,5.121838756785418,True,5.0,0.0,2023-03-31 13:33:00+05:305.0,396700.0,0.3828308876748463,1.0,260.0,250.0
2023-03-31 13:36:00+05:30,85885,NIFTYWEEKLYOPTIONCall,265.2,265.7,260.6,262.6,37550.0,2060300,CE,17100,2023-04-06,17334.35,17335.55,17332.55,,4.551617744138771,5.099121207340148,True,5.0,0.0,2023-03-31 13:33:00+05:305.0,396700.0,0.3828308876748463,2.0,260.0,250.0
2023-03-31 13:37:00+05:30,85886,NIFTYWEEKLYOPTIONCall,262.6,265.5,262.6,263.0,31650.0,2060300,CE,17100,2023-04-06,17335.85,17338.4,17333.6,,4.5339488674583395,5.095921232198382,True,5.0,0.0,2023-03-31 13:33:00+05:305.0,396700.0,0.3828308876748463,3.0,260.0,250.0
2023-03-31 13:38:00+05:30,85887,NIFTYWEEKLYOPTIONCall,263.4,263.5,258.0,260.0,25850.0,2041600,CE,17100,2023-04-06,17329.55,17336.55,17328.65,,4.54427537694924,5.125895159078141,True,5.0,0.0,2023-03-31 13:33:00+05:305.0,396700.0,0.3828308876748463,4.0,260.0,250.0
2023-03-31 13:39:00+05:30,85888,NIFTYWEEKLYOPTIONCall,260.0,261.6,259.35,260.7,19650.0,2041600,CE,17100,2023-04-06,17326.85,17330.25,17326.45,,4.519770263900236,5.111733297302177,True,5.0,0.0,2023-03-31 13:33:00+05:305.0,396700.0,0.3828308876748463,5.0,260.0,250.0
2023-03-31 13:40:00+05:30,85889,NIFTYWEEKLYOPTIONCall,259.85,262.2,259.45,262.2,13500.0,2041600,CE,17100,2023-04-06,17332.2,17332.2,17325.55,,4.500882112901176,5.128150690197782,True,5.0,0.0,2023-03-31 13:33:00+05:305.0,396700.0,0.3828308876748463,6.0,260.0,250.0
2023-03-31 13:41:00+05:30,85890,NIFTYWEEKLYOPTIONCall,262.2,265.0,261.1,264.7,23400.0,2041600,CE,17100,2023-04-06,17337.15,17337.25,17332.15,,4.494474049102252,5.127850479199806,True,5.0,0.0,2023-03-31 13:33:00+05:305.0,396700.0,0.3828308876748463,7.0,260.0,250.0
2023-03-31 13:42:00+05:30,85891,NIFTYWEEKLYOPTIONCall,264.6,267.9,264.0,265.65,57150.0,2030850,CE,17100,2023-04-06,17338.95,17339.95,17336.15,,4.488139159927935,5.1137005164915905,True,5.0,0.0,2023-03-31 13:33:00+05:305.0,396700.0,0.3828308876748463,8.0,260.0,250.0
2023-03-31 13:43:00+05:30,85892,NIFTYWEEKLYOPTIONCall,265.7,270.0,264.55,269.0,35600.0,2030850,CE,17100,2023-04-06,17342.25,17343.05,17337.8,,4.498381294192779,5.115151867406571,True,5.0,0.0,2023-03-31 13:33:00+05:305.0,396700.0,0.3828308876748463,9.0,260.0,250.0
2023-03-31 13:44:00+05:30,85893,NIFTYWEEKLYOPTIONCall,268.4,272.85,268.4,270.95,50850.0,2030850,CE,17100,2023-04-06,17344.35,17345.4,17342.0,,4.497866502781043,5.096902139574867,True,6.0,1.0,2023-03-31 13:44:00+05:306.0,320150.0,0.3089571683617394,0.0,270.0,260.0
2023-03-31 13:45:00+05:30,85894,NIFTYWEEKLYOPTIONCall,270.95,277.5,270.65,276.1,74550.0,2013750,CE,17100,2023-04-06,17349.5,17350.05,17344.25,,4.522875415989666,5.104377783873676,True,6.0,0.0,2023-03-31 13:44:00+05:306.0,320150.0,0.3089571683617394,0.0,270.0,260.0
2023-03-31 13:46:00+05:30,85895,NIFTYWEEKLYOPTIONCall,276.55,276.9,274.0,275.0,30000.0,2013750,CE,17100,2023-04-06,17347.75,17350.6,17347.0,,4.505632905996572,5.088394271697521,True,6.0,0.0,2023-03-31 13:44:00+05:306.0,320150.0,0.3089571683617394,1.0,270.0,260.0
2023-03-31 13:47:00+05:30,85896,NIFTYWEEKLYOPTIONCall,276.25,278.2,274.95,277.75,52550.0,2013750,CE,17100,2023-04-06,17347.95,17350.3,17347.6,,4.492301872534014,5.063036729850923,True,6.0,0.0,2023-03-31 13:44:00+05:306.0,320150.0,0.3089571683617394,2.0,270.0,260.0
2023-03-31 13:48:00+05:30,85897,NIFTYWEEKLYOPTIONCall,277.75,278.0,270.6,271.85,28950.0,2003800,CE,17100,2023-04-06,17343.65,17349.05,17341.45,,4.523150767095084,5.089952354855742,True,6.0,0.0,2023-03-31 13:44:00+05:306.0,320150.0,0.3089571683617394,3.0,270.0,260.0
2023-03-31 13:49:00+05:30,85898,NIFTYWEEKLYOPTIONCall,272.0,275.5,272.0,273.0,18950.0,2003800,CE,17100,2023-04-06,17344.35,17347.3,17342.8,,4.513893730399009,5.083697752782834,True,6.0,0.0,2023-03-31 13:44:00+05:306.0,320150.0,0.3089571683617394,4.0,270.0,260.0
2023-03-31 13:50:00+05:30,85899,NIFTYWEEKLYOPTIONCall,273.3,275.6,271.6,273.0,17800.0,2003800,CE,17100,2023-04-06,17345.15,17346.25,17343.45,,4.508449308399788,5.059503228605288,True,6.0,0.0,2023-03-31 13:44:00+05:306.0,320150.0,0.3089571683617394,5.0,270.0,260.0
2023-03-31 13:51:00+05:30,85900,NIFTYWEEKLYOPTIONCall,274.0,278.55,272.75,276.9,46500.0,2000500,CE,17100,2023-04-06,17349.2,17349.5,17344.05,,4.522123096810875,5.063637460627306,True,6.0,0.0,2023-03-31 13:44:00+05:306.0,320150.0,0.3089571683617394,6.0,270.0,260.0
2023-03-31 13:52:00+05:30,85901,NIFTYWEEKLYOPTIONCall,277.25,285.9,277.1,281.9,74950.0,2000500,CE,17100,2023-04-06,17349.1,17354.15,17346.8,,4.569498364185418,5.087826834064722,True,7.0,1.0,2023-03-31 13:52:00+05:307.0,103350.0,0.09973675886361322,0.0,280.0,270.0
2023-03-31 13:53:00+05:30,85902,NIFTYWEEKLYOPTIONCall,280.0,284.85,278.1,283.3,28400.0,2000500,CE,17100,2023-04-06,17352.05,17352.4,17346.4,,4.592552094848097,5.097470942622035,True,7.0,0.0,2023-03-31 13:52:00+05:307.0,103350.0,0.09973675886361322,0.0,280.0,270.0
2023-03-31 13:54:00+05:30,85903,NIFTYWEEKLYOPTIONCall,284.9,291.85,284.35,290.0,64300.0,1970150,CE,17100,2023-04-06,17355.45,17356.55,17351.7,,4.634364812381097,5.094856269512107,True,8.0,1.0,2023-03-31 13:54:00+05:308.0,475500.0,0.4588759442636486,0.0,290.0,280.0
2023-03-31 13:55:00+05:30,85904,NIFTYWEEKLYOPTIONCall,290.0,296.95,289.5,296.0,55450.0,1970150,CE,17100,2023-04-06,17360.45,17360.9,17355.6,,4.664093863087432,5.098606075601389,True,8.0,0.0,2023-03-31 13:54:00+05:308.0,475500.0,0.4588759442636486,0.0,290.0,280.0
2023-03-31 13:56:00+05:30,85905,NIFTYWEEKLYOPTIONCall,295.9,297.8,289.3,293.3,34900.0,1970150,CE,17100,2023-04-06,17359.8,17363.05,17356.4,,4.704568889847472,5.114975795913641,True,8.0,0.0,2023-03-31 13:54:00+05:308.0,475500.0,0.4588759442636486,1.0,290.0,280.0
2023-03-31 13:57:00+05:30,85906,NIFTYWEEKLYOPTIONCall,293.4,295.0,292.15,293.8,21200.0,1946850,CE,17100,2023-04-06,17363.05,17363.45,17359.75,,4.68501290600355,5.100055215742208,True,8.0,0.0,2023-03-31 13:54:00+05:308.0,475500.0,0.4588759442636486,2.0,290.0,280.0
2023-03-31 13:58:00+05:30,85907,NIFTYWEEKLYOPTIONCall,294.0,294.0,285.5,285.5,20050.0,1946850,CE,17100,2023-04-06,17354.2,17363.75,17354.2,,4.725215148313213,5.146948626931685,True,8.0,0.0,2023-03-31 13:54:00+05:308.0,475500.0,0.4588759442636486,3.0,290.0,280.0
2023-03-31 13:59:00+05:30,85908,NIFTYWEEKLYOPTIONCall,287.55,290.25,287.55,288.55,8900.0,1946850,CE,17100,2023-04-06,17354.95,17357.4,17354.0,,4.725476164221181,5.128551043286881,True,8.0,0.0,2023-03-31 13:54:00+05:308.0,475500.0,0.4588759442636486,4.0,290.0,280.0
2023-03-31 14:00:00+05:30,85909,NIFTYWEEKLYOPTIONCall,288.95,289.0,283.65,284.0,36700.0,1948350,CE,17100,2023-04-06,17350.45,17356.4,17349.7,,4.732049049177383,5.145089968809463,True,8.0,0.0,2023-03-31 13:54:00+05:308.0,475500.0,0.4588759442636486,5.0,290.0,280.0
2023-03-31 14:01:00+05:30,85910,NIFTYWEEKLYOPTIONCall,285.0,294.0,283.85,294.0,21100.0,1948350,CE,17100,2023-04-06,17359.3,17360.15,17349.2,,4.7890354621123645,5.206146446265699,True,8.0,0.0,2023-03-31 13:54:00+05:308.0,475500.0,0.4588759442636486,6.0,290.0,280.0
2023-03-31 14:02:00+05:30,85911,NIFTYWEEKLYOPTIONCall,294.75,296.65,291.7,291.95,29050.0,1948350,CE,17100,2023-04-06,17359.15,17361.95,17357.15,,4.790727455046463,5.201877202081169,True,8.0,0.0,2023-03-31 13:54:00+05:308.0,475500.0,0.4588759442636486,7.0,290.0,280.0
2023-03-31 14:03:00+05:30,85912,NIFTYWEEKLYOPTIONCall,292.35,292.35,288.25,290.5,16850.0,1940600,CE,17100,2023-04-06,17355.9,17359.55,17354.6,,4.7834712431224515,5.199231188311527,True,8.0,0.0,2023-03-31 13:54:00+05:308.0,475500.0,0.4588759442636486,8.0,290.0,280.0
2023-03-31 14:04:00+05:30,85913,NIFTYWEEKLYOPTIONCall,291.8,293.3,290.3,291.3,13300.0,1940600,CE,17100,2023-04-06,17358.25,17359.35,17355.55,,4.76474688080206,5.1845408972059195,True,8.0,0.0,2023-03-31 13:54:00+05:308.0,475500.0,0.4588759442636486,9.0,290.0,280.0
2023-03-31 14:05:00+05:30,85914,NIFTYWEEKLYOPTIONCall,291.15,293.5,289.1,291.75,11250.0,1940600,CE,17100,2023-04-06,17357.7,17360.55,17355.9,,4.760919753129126,5.178932196027935,True,8.0,0.0,2023-03-31 13:54:00+05:308.0,475500.0,0.4588759442636486,10.0,290.0,280.0
2023-03-31 14:06:00+05:30,85915,NIFTYWEEKLYOPTIONCall,291.35,291.35,289.55,291.0,13150.0,1929050,CE,17100,2023-04-06,17358.8,17359.6,17355.55,,4.729870499665583,5.167093813086079,True,8.0,0.0,2023-03-31 13:54:00+05:308.0,475500.0,0.4588759442636486,11.0,290.0,280.0
2023-03-31 14:07:00+05:30,85916,NIFTYWEEKLYOPTIONCall,291.0,294.65,291.0,294.65,15550.0,1929050,CE,17100,2023-04-06,17362.85,17362.85,17357.6,,4.718553219782365,5.167962688124008,True,8.0,0.0,2023-03-31 13:54:00+05:308.0,475500.0,0.4588759442636486,12.0,290.0,280.0
2023-03-31 14:08:00+05:30,85917,NIFTYWEEKLYOPTIONCall,294.75,298.0,290.6,291.0,29200.0,1929050,CE,17100,2023-04-06,17358.85,17365.55,17358.85,,4.74663910248482,5.18400948068189,True,8.0,0.0,2023-03-31 13:54:00+05:308.0,475500.0,0.4588759442636486,13.0,290.0,280.0
2023-03-31 14:09:00+05:30,85918,NIFTYWEEKLYOPTIONCall,291.25,291.85,285.7,288.0,16450.0,1924000,CE,17100,2023-04-06,17353.55,17360.15,17353.2,,4.761329698547211,5.202496138971473,True,8.0,0.0,2023-03-31 13:54:00+05:308.0,475500.0,0.4588759442636486,14.0,290.0,280.0
2023-03-31 14:10:00+05:30,85919,NIFTYWEEKLYOPTIONCall,288.0,293.95,288.0,293.3,21550.0,1924000,CE,17100,2023-04-06,17358.1,17358.4,17352.95,,4.77376582737675,5.20508557853079,True,8.0,0.0,2023-03-31 13:54:00+05:308.0,475500.0,0.4588759442636486,15.0,290.0,280.0
2023-03-31 14:11:00+05:30,85920,NIFTYWEEKLYOPTIONCall,293.95,296.6,291.6,292.8,15500.0,1924000,CE,17100,2023-04-06,17359.85,17363.45,17358.1,,4.776131411167552,5.206600854505728,True,8.0,0.0,2023-03-31 13:54:00+05:308.0,475500.0,0.4588759442636486,16.0,290.0,280.0
2023-03-31 14:12:00+05:30,85921,NIFTYWEEKLYOPTIONCall,293.7,297.0,292.75,292.75,13650.0,1913100,CE,17100,2023-04-06,17361.5,17364.7,17359.25,,4.7706330503256416,5.209144508623575,True,8.0,0.0,2023-03-31 13:54:00+05:308.0,475500.0,0.4588759442636486,17.0,290.0,280.0
2023-03-31 14:13:00+05:30,85922,NIFTYWEEKLYOPTIONCall,293.65,296.4,292.65,294.4,6300.0,1913100,CE,17100,2023-04-06,17360.6,17362.85,17358.8,,4.759972735494417,5.197037468397043,True,8.0,0.0,2023-03-31 13:54:00+05:308.0,475500.0,0.4588759442636486,18.0,290.0,280.0
2023-03-31 14:14:00+05:30,85923,NIFTYWEEKLYOPTIONCall,295.0,296.0,293.15,295.7,11100.0,1913100,CE,17100,2023-04-06,17361.1,17363.9,17359.75,,4.740034282500267,5.186107308526821,True,8.0,0.0,2023-03-31 13:54:00+05:308.0,475500.0,0.4588759442636486,19.0,290.0,280.0
2023-03-31 14:15:00+05:30,85924,NIFTYWEEKLYOPTIONCall,295.45,304.0,295.1,303.65,66250.0,1910200,CE,17100,2023-04-06,17367.25,17368.1,17360.9,,4.783437347016817,5.207119288036553,True,9.0,1.0,2023-03-31 14:15:00+05:309.0,424050.0,0.40922469855941157,0.0,300.0,290.0
2023-03-31 14:16:00+05:30,85925,NIFTYWEEKLYOPTIONCall,303.9,305.65,300.5,305.65,28800.0,1910200,CE,17100,2023-04-06,17369.9,17370.35,17366.75,,4.7872598483608755,5.190360309486523,True,9.0,0.0,2023-03-31 14:15:00+05:309.0,424050.0,0.40922469855941157,0.0,300.0,290.0
2023-03-31 14:17:00+05:30,85926,NIFTYWEEKLYOPTIONCall,305.2,308.05,303.9,303.9,22300.0,1910200,CE,17100,2023-04-06,17371.55,17373.6,17369.8,,4.780618027054883,5.175869321626059,True,9.0,0.0,2023-03-31 14:15:00+05:309.0,424050.0,0.40922469855941157,1.0,300.0,290.0
2023-03-31 14:18:00+05:30,85927,NIFTYWEEKLYOPTIONCall,302.7,306.9,302.7,305.05,14300.0,1888300,CE,17100,2023-04-06,17371.4,17373.5,17368.35,,4.77456970747528,5.175599839940678,True,9.0,0.0,2023-03-31 14:15:00+05:309.0,424050.0,0.40922469855941157,2.0,300.0,290.0
2023-03-31 14:19:00+05:30,85928,NIFTYWEEKLYOPTIONCall,305.7,306.75,301.75,306.2,18500.0,1888300,CE,17100,2023-04-06,17371.05,17372.7,17367.3,,4.776916811999258,5.177936219071279,True,9.0,0.0,2023-03-31 14:15:00+05:309.0,424050.0,0.40922469855941157,3.0,300.0,290.0
2023-03-31 14:20:00+05:30,85929,NIFTYWEEKLYOPTIONCall,305.65,306.75,301.55,301.55,11600.0,1888300,CE,17100,2023-04-06,17369.7,17373.7,17369.3,,4.7813195637429775,5.1698407424790815,True,9.0,0.0,2023-03-31 14:15:00+05:309.0,424050.0,0.40922469855941157,4.0,300.0,290.0
2023-03-31 14:21:00+05:30,85930,NIFTYWEEKLYOPTIONCall,301.55,303.0,299.0,300.05,19850.0,1880950,CE,17100,2023-04-06,17366.05,17370.0,17365.15,,4.773192985728716,5.1665140489384065,True,9.0,0.0,2023-03-31 14:15:00+05:309.0,424050.0,0.40922469855941157,5.0,300.0,290.0
2023-03-31 14:22:00+05:30,85931,NIFTYWEEKLYOPTIONCall,300.0,303.0,300.0,301.55,18550.0,1880950,CE,17100,2023-04-06,17368.0,17368.9,17365.8,,4.754759058159831,5.145030786482054,True,9.0,0.0,2023-03-31 14:15:00+05:309.0,424050.0,0.40922469855941157,6.0,300.0,290.0
2023-03-31 14:23:00+05:30,85932,NIFTYWEEKLYOPTIONCall,301.95,302.35,294.1,294.8,30650.0,1880950,CE,17100,2023-04-06,17359.1,17369.05,17358.05,,4.791077240919205,5.205868321142856,True,9.0,0.0,2023-03-31 14:15:00+05:309.0,424050.0,0.40922469855941157,7.0,300.0,290.0
2023-03-31 14:24:00+05:30,85933,NIFTYWEEKLYOPTIONCall,294.9,296.25,290.45,295.8,29950.0,1873550,CE,17100,2023-04-06,17360.55,17360.75,17356.5,,4.8015555754789965,5.195940992242905,True,9.0,0.0,2023-03-31 14:15:00+05:309.0,424050.0,0.40922469855941157,8.0,300.0,290.0
2023-03-31 14:25:00+05:30,85934,NIFTYWEEKLYOPTIONCall,295.65,295.65,282.5,282.7,60550.0,1873550,CE,17100,2023-04-06,17349.35,17362.05,17349.35,,4.8882177259047275,5.2738378862587245,True,9.0,0.0,2023-03-31 14:15:00+05:309.0,424050.0,0.40922469855941157,9.0,300.0,290.0
2023-03-31 14:26:00+05:30,85935,NIFTYWEEKLYOPTIONCall,282.7,285.35,281.1,284.2,33350.0,1873550,CE,17100,2023-04-06,17349.15,17350.1,17347.35,,4.881595797115777,5.247651407758823,True,9.0,0.0,2023-03-31 14:15:00+05:309.0,424050.0,0.40922469855941157,10.0,300.0,290.0
2023-03-31 14:27:00+05:30,85936,NIFTYWEEKLYOPTIONCall,284.1,291.95,283.2,291.0,25600.0,1857700,CE,17100,2023-04-06,17359.05,17359.15,17348.1,,4.921713992923523,5.307826028806669,True,9.0,0.0,2023-03-31 14:15:00+05:309.0,424050.0,0.40922469855941157,11.0,300.0,290.0
2023-03-31 14:28:00+05:30,85937,NIFTYWEEKLYOPTIONCall,290.6,293.6,285.0,288.45,23300.0,1857700,CE,17100,2023-04-06,17357.3,17360.7,17353.25,,4.95984261252337,5.330031516989811,True,9.0,0.0,2023-03-31 14:15:00+05:309.0,424050.0,0.40922469855941157,12.0,300.0,290.0
2023-03-31 14:29:00+05:30,85938,NIFTYWEEKLYOPTIONCall,288.7,292.0,288.7,291.3,6050.0,1857700,CE,17100,2023-04-06,17360.85,17360.85,17357.05,,4.945235163670122,5.314178784968686,True,9.0,0.0,2023-03-31 14:15:00+05:309.0,424050.0,0.40922469855941157,13.0,300.0,290.0
2023-03-31 14:30:00+05:30,85939,NIFTYWEEKLYOPTIONCall,292.0,292.0,281.1,283.05,14450.0,1849250,CE,17100,2023-04-06,17353.45,17361.6,17352.6,,5.006904404373385,5.352350199280834,True,9.0,0.0,2023-03-31 14:15:00+05:309.0,424050.0,0.40922469855941157,14.0,300.0,290.0
2023-03-31 14:31:00+05:30,85940,NIFTYWEEKLYOPTIONCall,282.5,282.5,274.3,278.3,40050.0,1849250,CE,17100,2023-04-06,17348.05,17354.85,17346.0,,5.0399579627202895,5.3885563723510685,False,-1.0,0.0,2023-03-31 14:31:00+05:30-1.0,302150.0,0.29158647015617545,0.0,290.0,280.0
2023-03-31 14:32:00+05:30,85941,NIFTYWEEKLYOPTIONCall,278.3,281.2,277.6,281.05,11000.0,1849250,CE,17100,2023-04-06,17349.15,17350.95,17347.2,,5.02505884773784,5.3716023775616915,False,-1.0,0.0,2023-03-31 14:31:00+05:30-1.0,302150.0,0.29158647015617545,0.0,290.0,280.0
2023-03-31 14:33:00+05:30,85942,NIFTYWEEKLYOPTIONCall,280.4,283.8,275.8,276.55,12050.0,1832200,CE,17100,2023-04-06,17345.25,17351.4,17344.65,,5.055826575209803,5.385858176323604,False,-1.0,0.0,2023-03-31 14:31:00+05:30-1.0,302150.0,0.29158647015617545,1.0,290.0,280.0
2023-03-31 14:34:00+05:30,85943,NIFTYWEEKLYOPTIONCall,276.55,285.55,275.0,284.35,34500.0,1832200,CE,17100,2023-04-06,17354.0,17356.5,17344.15,,5.112623888094104,5.457851634037404,False,-1.0,0.0,2023-03-31 14:31:00+05:30-1.0,302150.0,0.29158647015617545,2.0,290.0,280.0
2023-03-31 14:35:00+05:30,85944,NIFTYWEEKLYOPTIONCall,284.2,284.2,278.6,279.65,28250.0,1832200,CE,17100,2023-04-06,17350.3,17354.7,17349.65,,5.1176600540134825,5.45363721226061,False,-1.0,0.0,2023-03-31 14:31:00+05:30-1.0,302150.0,0.29158647015617545,3.0,290.0,280.0
2023-03-31 14:36:00+05:30,85945,NIFTYWEEKLYOPTIONCall,280.35,285.0,280.35,283.8,11900.0,1835850,CE,17100,2023-04-06,17352.4,17353.7,17350.2,,5.1200598371606905,5.433458565675174,False,-1.0,0.0,2023-03-31 14:31:00+05:30-1.0,302150.0,0.29158647015617545,4.0,290.0,280.0
2023-03-31 14:37:00+05:30,85946,NIFTYWEEKLYOPTIONCall,285.5,289.05,285.0,289.05,24450.0,1835850,CE,17100,2023-04-06,17358.5,17358.5,17353.1,,5.121401383826046,5.440340167321644,False,-1.0,0.0,2023-03-31 14:31:00+05:30-1.0,302150.0,0.29158647015617545,5.0,290.0,280.0
2023-03-31 14:38:00+05:30,85947,NIFTYWEEKLYOPTIONCall,288.15,289.8,285.05,285.05,18250.0,1835850,CE,17100,2023-04-06,17357.55,17360.6,17357.35,,5.1175685316088,5.4177359161463885,False,-1.0,0.0,2023-03-31 14:31:00+05:30-1.0,302150.0,0.29158647015617545,6.0,290.0,280.0
2023-03-31 14:39:00+05:30,85948,NIFTYWEEKLYOPTIONCall,285.15,287.9,284.0,287.6,13700.0,1830350,CE,17100,2023-04-06,17359.2,17359.6,17355.6,,5.105008519783945,5.403111047476539,False,-1.0,0.0,2023-03-31 14:31:00+05:30-1.0,302150.0,0.29158647015617545,7.0,290.0,280.0
2023-03-31 14:40:00+05:30,85949,NIFTYWEEKLYOPTIONCall,287.6,290.85,286.0,290.6,8850.0,1830350,CE,17100,2023-04-06,17361.05,17361.55,17357.35,,5.102379031282632,5.390705318178465,False,-1.0,0.0,2023-03-31 14:31:00+05:30-1.0,302150.0,0.29158647015617545,8.0,290.0,280.0
2023-03-31 14:41:00+05:30,85950,NIFTYWEEKLYOPTIONCall,292.5,293.0,281.6,283.5,41750.0,1830350,CE,17100,2023-04-06,17353.8,17362.05,17353.55,,5.16728952503875,5.422753269941973,False,-1.0,0.0,2023-03-31 14:31:00+05:30-1.0,302150.0,0.29158647015617545,9.0,290.0,280.0
2023-03-31 14:42:00+05:30,85951,NIFTYWEEKLYOPTIONCall,284.25,287.5,282.2,287.5,15500.0,1818200,CE,17100,2023-04-06,17357.2,17357.2,17353.15,,5.168656835833836,5.408609847084574,False,-1.0,0.0,2023-03-31 14:31:00+05:30-1.0,302150.0,0.29158647015617545,10.0,290.0,280.0
2023-03-31 14:43:00+05:30,85952,NIFTYWEEKLYOPTIONCall,288.15,288.15,284.6,285.55,6600.0,1818200,CE,17100,2023-04-06,17355.35,17358.8,17355.35,,5.15198657917647,5.388438475290557,False,-1.0,0.0,2023-03-31 14:31:00+05:30-1.0,302150.0,0.29158647015617545,11.0,290.0,280.0
2023-03-31 14:44:00+05:30,85953,NIFTYWEEKLYOPTIONCall,285.15,288.85,284.2,288.4,5950.0,1818200,CE,17100,2023-04-06,17357.75,17358.15,17354.55,,5.146818765278247,5.370026992609334,False,-1.0,0.0,2023-03-31 14:31:00+05:30-1.0,302150.0,0.29158647015617545,12.0,290.0,280.0
2023-03-31 14:45:00+05:30,85954,NIFTYWEEKLYOPTIONCall,289.0,289.45,284.15,284.15,9250.0,1814250,CE,17100,2023-04-06,17354.85,17358.7,17354.05,,5.148395103339356,5.3626174299724,False,-1.0,0.0,2023-03-31 14:31:00+05:30-1.0,302150.0,0.29158647015617545,13.0,290.0,280.0
2023-03-31 14:46:00+05:30,85955,NIFTYWEEKLYOPTIONCall,284.15,284.8,281.75,284.0,11400.0,1814250,CE,17100,2023-04-06,17355.0,17355.55,17352.7,,5.1268096161221255,5.336770976494606,False,-1.0,0.0,2023-03-31 14:31:00+05:30-1.0,302150.0,0.29158647015617545,14.0,290.0,280.0
2023-03-31 14:47:00+05:30,85956,NIFTYWEEKLYOPTIONCall,284.25,288.5,283.0,287.8,8700.0,1814250,CE,17100,2023-04-06,17358.7,17359.85,17354.45,,5.130647020547993,5.33742114151792,False,-1.0,0.0,2023-03-31 14:31:00+05:30-1.0,302150.0,0.29158647015617545,15.0,290.0,280.0
2023-03-31 14:48:00+05:30,85957,NIFTYWEEKLYOPTIONCall,288.0,301.65,286.75,301.5,63350.0,1813800,CE,17100,2023-04-06,17370.0,17370.4,17357.75,,5.231064007606831,5.412585498680933,True,1.0,0.0,2023-03-31 14:48:00+05:301.0,1207050.0,1.1648500705014448,0.0,300.0,290.0
2023-03-31 14:49:00+05:30,85958,NIFTYWEEKLYOPTIONCall,302.05,309.25,298.4,308.85,106200.0,1813800,CE,17100,2023-04-06,17376.2,17376.6,17368.6,,5.288797978740915,5.439170908148721,True,1.0,0.0,2023-03-31 14:48:00+05:301.0,1207050.0,1.1648500705014448,0.0,300.0,290.0
2023-03-31 14:50:00+05:30,85959,NIFTYWEEKLYOPTIONCall,308.1,309.35,293.0,293.0,65450.0,1813800,CE,17100,2023-04-06,17365.65,17376.95,17364.85,,5.402408176594678,5.507584640177226,True,1.0,0.0,2023-03-31 14:48:00+05:301.0,1207050.0,1.1648500705014448,1.0,300.0,290.0
2023-03-31 14:51:00+05:30,85960,NIFTYWEEKLYOPTIONCall,292.2,298.6,292.2,297.6,34050.0,1783900,CE,17100,2023-04-06,17368.7,17369.0,17363.9,,5.412650705209694,5.5033998651599045,True,1.0,0.0,2023-03-31 14:48:00+05:301.0,1207050.0,1.1648500705014448,2.0,300.0,290.0
2023-03-31 14:52:00+05:30,85961,NIFTYWEEKLYOPTIONCall,297.6,297.6,280.6,282.7,44600.0,1783900,CE,17100,2023-04-06,17356.65,17369.5,17353.9,,5.531577404770799,5.607026268427512,True,1.0,0.0,2023-03-31 14:48:00+05:301.0,1207050.0,1.1648500705014448,3.0,300.0,290.0
2023-03-31 14:53:00+05:30,85962,NIFTYWEEKLYOPTIONCall,281.9,287.0,278.8,287.0,63200.0,1783900,CE,17100,2023-04-06,17358.25,17358.4,17351.65,,5.558954821833563,5.618752922442881,True,1.0,0.0,2023-03-31 14:48:00+05:301.0,1207050.0,1.1648500705014448,4.0,300.0,290.0
2023-03-31 14:54:00+05:30,85963,NIFTYWEEKLYOPTIONCall,288.9,290.0,284.45,286.3,32200.0,1754250,CE,17100,2023-04-06,17359.85,17362.2,17358.3,,5.558862980322318,5.6016380324827395,True,1.0,0.0,2023-03-31 14:48:00+05:301.0,1207050.0,1.1648500705014448,5.0,300.0,290.0
2023-03-31 14:55:00+05:30,85964,NIFTYWEEKLYOPTIONCall,286.0,289.5,284.95,287.1,24350.0,1754250,CE,17100,2023-04-06,17359.85,17363.45,17359.1,,5.5485196578474065,5.588805669670029,True,1.0,0.0,2023-03-31 14:48:00+05:301.0,1207050.0,1.1648500705014448,6.0,300.0,290.0
2023-03-31 14:56:00+05:30,85965,NIFTYWEEKLYOPTIONCall,286.55,288.7,284.8,285.7,23100.0,1754250,CE,17100,2023-04-06,17357.9,17361.25,17356.95,,5.531624222119667,5.575596889748107,True,1.0,0.0,2023-03-31 14:48:00+05:301.0,1207050.0,1.1648500705014448,7.0,300.0,290.0
2023-03-31 14:57:00+05:30,85966,NIFTYWEEKLYOPTIONCall,285.0,287.65,283.35,287.65,17300.0,1747000,CE,17100,2023-04-06,17358.6,17359.4,17354.95,,5.51900587590622,5.564064824206909,True,1.0,0.0,2023-03-31 14:48:00+05:301.0,1207050.0,1.1648500705014448,8.0,300.0,290.0
2023-03-31 14:58:00+05:30,85967,NIFTYWEEKLYOPTIONCall,287.95,298.2,287.0,293.4,26750.0,1747000,CE,17100,2023-04-06,17364.4,17366.75,17358.1,,5.5771892705766986,5.595670240501792,True,1.0,0.0,2023-03-31 14:48:00+05:301.0,1207050.0,1.1648500705014448,9.0,300.0,290.0
2023-03-31 14:59:00+05:30,85968,NIFTYWEEKLYOPTIONCall,293.45,297.7,289.45,297.2,27950.0,1747000,CE,17100,2023-04-06,17365.95,17365.95,17360.75,,5.604554239021035,5.59161926018864,True,1.0,0.0,2023-03-31 14:48:00+05:301.0,1207050.0,1.1648500705014448,10.0,300.0,290.0
2023-03-31 15:00:00+05:30,85969,NIFTYWEEKLYOPTIONCall,298.9,298.9,287.95,295.45,41950.0,1719900,CE,17100,2023-04-06,17367.1,17368.0,17361.15,,5.659263924373856,5.604498562946066,True,1.0,0.0,2023-03-31 14:48:00+05:301.0,1207050.0,1.1648500705014448,11.0,300.0,290.0
2023-03-31 15:01:00+05:30,85970,NIFTYWEEKLYOPTIONCall,295.4,307.0,294.1,301.0,68700.0,1719900,CE,17100,2023-04-06,17375.0,17375.9,17367.35,,5.733346837318095,5.637193036588264,True,1.0,0.0,2023-03-31 14:48:00+05:301.0,1207050.0,1.1648500705014448,12.0,300.0,290.0
2023-03-31 15:02:00+05:30,85971,NIFTYWEEKLYOPTIONCall,299.55,302.6,294.25,301.8,27650.0,1719900,CE,17100,2023-04-06,17372.65,17375.6,17369.65,,5.760110036064292,5.640392434601841,True,1.0,0.0,2023-03-31 14:48:00+05:301.0,1207050.0,1.1648500705014448,13.0,300.0,290.0
2023-03-31 15:03:00+05:30,85972,NIFTYWEEKLYOPTIONCall,302.25,308.0,299.4,303.2,67850.0,1693300,CE,17100,2023-04-06,17378.4,17381.3,17372.75,,5.789147010645428,5.671164717854142,True,1.0,0.0,2023-03-31 14:48:00+05:301.0,1207050.0,1.1648500705014448,14.0,300.0,290.0
2023-03-31 15:04:00+05:30,85973,NIFTYWEEKLYOPTIONCall,303.55,305.2,296.85,296.95,36000.0,1693300,CE,17100,2023-04-06,17371.05,17380.05,17370.45,,5.81532244781891,5.71132281420728,True,1.0,0.0,2023-03-31 14:48:00+05:301.0,1207050.0,1.1648500705014448,15.0,300.0,290.0
2023-03-31 15:05:00+05:30,85974,NIFTYWEEKLYOPTIONCall,296.95,302.3,294.75,302.3,37750.0,1693300,CE,17100,2023-04-06,17373.1,17373.55,17368.9,,5.833047557686658,5.700478110842464,True,1.0,0.0,2023-03-31 14:48:00+05:301.0,1207050.0,1.1648500705014448,16.0,300.0,290.0
2023-03-31 15:06:00+05:30,85975,NIFTYWEEKLYOPTIONCall,297.85,300.0,295.7,297.7,27750.0,1676000,CE,17100,2023-04-06,17372.6,17373.45,17370.35,,5.8173876893117455,5.673914587275687,True,1.0,0.0,2023-03-31 14:48:00+05:301.0,1207050.0,1.1648500705014448,17.0,300.0,290.0
2023-03-31 15:07:00+05:30,85976,NIFTYWEEKLYOPTIONCall,300.3,304.4,299.0,303.1,26850.0,1676000,CE,17100,2023-04-06,17377.3,17378.1,17372.55,,5.8264006228646865,5.672649214101262,True,1.0,0.0,2023-03-31 14:48:00+05:301.0,1207050.0,1.1648500705014448,18.0,300.0,290.0
2023-03-31 15:08:00+05:30,85977,NIFTYWEEKLYOPTIONCall,303.1,304.0,297.7,298.9,28250.0,1676000,CE,17100,2023-04-06,17373.6,17380.9,17373.35,,5.831235354934753,5.69181412117159,True,1.0,0.0,2023-03-31 14:48:00+05:301.0,1207050.0,1.1648500705014448,19.0,300.0,290.0
2023-03-31 15:09:00+05:30,85978,NIFTYWEEKLYOPTIONCall,298.9,299.4,294.65,295.15,32400.0,1672150,CE,17100,2023-04-06,17371.55,17375.45,17370.9,,5.82020097320092,5.680161512121587,True,1.0,0.0,2023-03-31 14:48:00+05:301.0,1207050.0,1.1648500705014448,20.0,300.0,290.0
2023-03-31 15:10:00+05:30,85979,NIFTYWEEKLYOPTIONCall,295.85,295.85,291.1,294.3,70750.0,1672150,CE,17100,2023-04-06,17366.95,17371.35,17365.75,,5.8092825242617785,5.679343685004142,True,1.0,0.0,2023-03-31 14:48:00+05:301.0,1207050.0,1.1648500705014448,21.0,300.0,290.0
2023-03-31 15:11:00+05:30,85980,NIFTYWEEKLYOPTIONCall,294.3,294.3,285.1,291.3,61200.0,1672150,CE,17100,2023-04-06,17362.05,17366.25,17359.2,,5.843865025273035,5.6933232405815595,True,1.0,0.0,2023-03-31 14:48:00+05:301.0,1207050.0,1.1648500705014448,22.0,300.0,290.0
2023-03-31 15:12:00+05:30,85981,NIFTYWEEKLYOPTIONCall,291.05,291.05,283.8,285.05,28750.0,1655150,CE,17100,2023-04-06,17357.05,17363.0,17357.05,,5.858202158669046,5.695940349895808,True,1.0,0.0,2023-03-31 14:48:00+05:301.0,1207050.0,1.1648500705014448,23.0,300.0,290.0
2023-03-31 15:13:00+05:30,85982,NIFTYWEEKLYOPTIONCall,285.75,292.2,284.5,292.2,38100.0,1655150,CE,17100,2023-04-06,17363.85,17363.85,17357.1,,5.876975825955313,5.70719416292029,True,1.0,0.0,2023-03-31 14:48:00+05:301.0,1207050.0,1.1648500705014448,24.0,300.0,290.0
2023-03-31 15:14:00+05:30,85983,NIFTYWEEKLYOPTIONCall,290.4,292.45,288.35,288.6,28450.0,1655150,CE,17100,2023-04-06,17363.2,17364.8,17362.05,,5.8588681870725114,5.677059929676179,True,1.0,0.0,2023-03-31 14:48:00+05:301.0,1207050.0,1.1648500705014448,25.0,300.0,290.0
2023-03-31 15:15:00+05:30,85984,NIFTYWEEKLYOPTIONCall,288.2,292.0,286.7,290.75,40000.0,1638950,CE,17100,2023-04-06,17361.95,17364.1,17360.9,,5.8531748862173885,5.651825629814332,True,1.0,0.0,2023-03-31 14:48:00+05:301.0,1207050.0,1.1648500705014448,26.0,300.0,290.0
2023-03-31 15:16:00+05:30,85985,NIFTYWEEKLYOPTIONCall,290.75,291.2,285.7,286.6,16150.0,1638950,CE,17100,2023-04-06,17355.95,17362.75,17355.95,,5.849578053178963,5.663518962691948,True,1.0,0.0,2023-03-31 14:48:00+05:301.0,1207050.0,1.1648500705014448,27.0,300.0,290.0
2023-03-31 15:17:00+05:30,85986,NIFTYWEEKLYOPTIONCall,283.55,283.55,273.65,274.65,32500.0,1638950,CE,17100,2023-04-06,17344.7,17356.15,17343.95,,5.890817014402612,5.730069483002124,False,-1.0,0.0,2023-03-31 15:17:00+05:30-1.0,424100.0,0.40927295049887147,0.0,290.0,280.0
2023-03-31 15:18:00+05:30,85987,NIFTYWEEKLYOPTIONCall,276.0,279.8,274.25,274.85,26950.0,1625100,CE,17100,2023-04-06,17344.75,17350.2,17344.2,,5.887347993198653,5.732816982826047,False,-1.0,0.0,2023-03-31 15:17:00+05:30-1.0,424100.0,0.40927295049887147,0.0,290.0,280.0
2023-03-31 15:19:00+05:30,85988,NIFTYWEEKLYOPTIONCall,275.4,279.0,270.55,270.55,27600.0,1625100,CE,17100,2023-04-06,17342.0,17347.3,17341.8,,5.913424823369454,5.730447902316513,False,-1.0,0.0,2023-03-31 15:17:00+05:30-1.0,424100.0,0.40927295049887147,1.0,290.0,280.0
2023-03-31 15:20:00+05:30,85989,NIFTYWEEKLYOPTIONCall,270.45,274.85,270.2,271.1,73350.0,1625100,CE,17100,2023-04-06,17340.7,17346.5,17340.0,,5.900572096718749,5.738276498503681,False,-1.0,0.0,2023-03-31 15:17:00+05:30-1.0,424100.0,0.40927295049887147,2.0,290.0,280.0
2023-03-31 15:21:00+05:30,85990,NIFTYWEEKLYOPTIONCall,271.65,275.4,268.7,274.1,46850.0,1570600,CE,17100,2023-04-06,17344.65,17346.85,17337.7,,5.908702406332332,5.772974272085555,False,-1.0,0.0,2023-03-31 15:17:00+05:30-1.0,424100.0,0.40927295049887147,3.0,290.0,280.0
2023-03-31 15:22:00+05:30,85991,NIFTYWEEKLYOPTIONCall,273.6,280.25,273.5,279.55,32450.0,1570600,CE,17100,2023-04-06,17346.35,17349.45,17343.95,,5.917256234960121,5.770198827152881,False,-1.0,0.0,2023-03-31 15:17:00+05:30-1.0,424100.0,0.40927295049887147,4.0,290.0,280.0
2023-03-31 15:23:00+05:30,85992,NIFTYWEEKLYOPTIONCall,277.0,279.95,276.35,279.0,15800.0,1570600,CE,17100,2023-04-06,17347.2,17348.65,17346.35,,5.893701985908487,5.734925245319243,False,-1.0,0.0,2023-03-31 15:17:00+05:30-1.0,424100.0,0.40927295049887147,5.0,290.0,280.0
2023-03-31 15:24:00+05:30,85993,NIFTYWEEKLYOPTIONCall,278.0,285.45,277.45,285.45,18900.0,1547800,CE,17100,2023-04-06,17351.35,17352.15,17347.1,,5.915106259943948,5.727965011037828,False,-1.0,0.0,2023-03-31 15:17:00+05:30-1.0,424100.0,0.40927295049887147,6.0,290.0,280.0
2023-03-31 15:25:00+05:30,85994,NIFTYWEEKLYOPTIONCall,284.05,291.9,281.6,291.9,40050.0,1547800,CE,17100,2023-04-06,17356.9,17357.2,17351.1,,5.959654074407208,5.731744656941405,False,-1.0,0.0,2023-03-31 15:17:00+05:30-1.0,424100.0,0.40927295049887147,7.0,290.0,280.0
2023-03-31 15:26:00+05:30,85995,NIFTYWEEKLYOPTIONCall,291.15,291.45,289.45,290.05,28650.0,1547800,CE,17100,2023-04-06,17356.85,17358.55,17355.5,,5.919436824377537,5.704506824202159,False,-1.0,0.0,2023-03-31 15:17:00+05:30-1.0,424100.0,0.40927295049887147,8.0,290.0,280.0
2023-03-31 15:27:00+05:30,85996,NIFTYWEEKLYOPTIONCall,290.55,290.55,286.6,288.5,32750.0,1525500,CE,17100,2023-04-06,17361.5,17361.5,17354.9,,5.899438845095192,5.713599806396559,False,-1.0,0.0,2023-03-31 15:17:00+05:30-1.0,424100.0,0.40927295049887147,9.0,290.0,280.0
2023-03-31 15:28:00+05:30,85997,NIFTYWEEKLYOPTIONCall,288.2,290.5,287.25,290.15,28200.0,1525500,CE,17100,2023-04-06,17355.0,17362.05,17354.9,,5.872542824875575,5.72818155404553,False,-1.0,0.0,2023-03-31 15:17:00+05:30-1.0,424100.0,0.40927295049887147,10.0,290.0,280.0
2023-03-31 15:29:00+05:30,85998,NIFTYWEEKLYOPTIONCall,289.5,289.5,286.6,288.15,20050.0,1525500,CE,17100,2023-04-06,,,,,5.8423743453751955,5.72818155404553,False,-1.0,0.0,2023-03-31 15:17:00+05:30-1.0,424100.0,0.40927295049887147,11.0,290.0,280.0
