,date,i,symbol,open,high,low,close,Volume,Open Interest,option_type,strike,expiry,nifty,niftyHigh,niftyLow,signal,ATR,niftyATR
0,2019-12-31 09:17:00+05:30,73142,NIFTYWEEKLYOPTIONCall,243.0,243.0,238.55,238.55,825.0,239025.0,CE,12000,2020-01-02,,,,,,
1,2019-12-31 09:18:00+05:30,73143,NIFTYWEEKLYOPTIONCall,238.55,239.05,236.0,239.05,825.0,239025.0,CE,12000,2020-01-02,,,,,,
2,2019-12-31 09:19:00+05:30,73144,NIFTYWEEKLYOPTIONCall,239.05,239.15,237.8,237.8,675.0,239025.0,CE,12000,2020-01-02,,,,,,
3,2019-12-31 09:20:00+05:30,73145,NIFTYWEEKLYOPTIONCall,237.8,237.8,233.0,235.4,1575.0,238650.0,CE,12000,2020-01-02,,,,,,
4,2019-12-31 09:21:00+05:30,73146,NIFTYWEEKLYOPTIONCall,235.4,235.4,231.75,231.75,675.0,238650.0,CE,12000,2020-01-02,,,,,3.4603542638943643,
5,2019-12-31 09:22:00+05:30,73147,NIFTYWEEKLYOPTIONCall,231.75,233.4,231.75,232.5,1350.0,238650.0,CE,12000,2020-01-02,,,,,3.1510734011190658,
6,2019-12-31 09:23:00+05:30,73148,NIFTYWEEKLYOPTIONCall,232.5,240.0,232.5,240.0,1875.0,239625.0,CE,12000,2020-01-02,,,,,3.7910471564766923,
7,2019-12-31 09:24:00+05:30,73149,NIFTYWEEKLYOPTIONCall,240.0,241.0,234.0,234.0,5025.0,239625.0,CE,12000,2020-01-02,,,,,4.206273873578958,
8,2019-12-31 09:25:00+05:30,73150,NIFTYWEEKLYOPTIONCall,234.0,234.0,234.0,234.0,300.0,239625.0,CE,12000,2020-01-02,,,,,3.720093736700996,
9,2019-12-31 09:26:00+05:30,73151,NIFTYWEEKLYOPTIONCall,234.0,234.0,233.0,233.0,150.0,242475.0,CE,12000,2020-01-02,,,,,3.4357440880527523,
10,2019-12-31 09:27:00+05:30,73152,NIFTYWEEKLYOPTIONCall,232.0,232.0,232.0,232.0,150.0,242475.0,CE,12000,2020-01-02,,,,,3.1076336718214974,
11,2019-12-31 09:28:00+05:30,73153,NIFTYWEEKLYOPTIONCall,232.0,236.05,232.0,236.05,75.0,242475.0,CE,12000,2020-01-02,,,,,3.190532787415475,
12,2019-12-31 09:29:00+05:30,73154,NIFTYWEEKLYOPTIONCall,236.05,240.0,234.55,240.0,1050.0,242550.0,CE,12000,2020-01-02,,,,,3.374902671447065,
13,2019-12-31 09:30:00+05:30,73155,NIFTYWEEKLYOPTIONCall,240.0,240.0,236.4,237.8,2100.0,242550.0,CE,12000,2020-01-02,,,,,3.392041531155416,
14,2019-12-31 09:31:00+05:30,73156,NIFTYWEEKLYOPTIONCall,237.8,237.8,237.8,237.8,0.0,242550.0,CE,12000,2020-01-02,,,,,3.149816919500831,
15,2019-12-31 09:32:00+05:30,73157,NIFTYWEEKLYOPTIONCall,237.8,237.8,235.0,235.0,1350.0,243675.0,CE,12000,2020-01-02,,,,,3.126284078355672,
16,2019-12-31 09:33:00+05:30,73158,NIFTYWEEKLYOPTIONCall,235.0,235.0,235.0,235.0,0.0,243675.0,CE,12000,2020-01-02,,,,,2.927384143018407,
17,2019-12-31 09:34:00+05:30,73159,NIFTYWEEKLYOPTIONCall,235.0,235.0,230.0,230.0,375.0,243675.0,CE,12000,2020-01-02,,,,,3.0525250929778256,
18,2019-12-31 09:35:00+05:30,73160,NIFTYWEEKLYOPTIONCall,230.0,230.0,227.4,227.4,1200.0,243150.0,CE,12000,2020-01-02,,,,,3.0265153155753306,
19,2019-12-31 09:36:00+05:30,73161,NIFTYWEEKLYOPTIONCall,227.4,229.3,226.9,229.3,225.0,243150.0,CE,12000,2020-01-02,,,,,2.9921405200343805,
20,2019-12-31 09:37:00+05:30,73162,NIFTYWEEKLYOPTIONCall,229.3,232.0,229.3,231.0,4575.0,243150.0,CE,12000,2020-01-02,,,,,2.97680147891797,
21,2019-12-31 09:38:00+05:30,73163,NIFTYWEEKLYOPTIONCall,231.0,233.05,231.0,233.05,300.0,244875.0,CE,12000,2020-01-02,,,,,2.9301276477211227,
22,2019-12-31 09:39:00+05:30,73164,NIFTYWEEKLYOPTIONCall,233.05,233.05,230.0,231.7,450.0,244875.0,CE,12000,2020-01-02,,,,,2.9359296879594674,
23,2019-12-31 09:40:00+05:30,73165,NIFTYWEEKLYOPTIONCall,231.1,231.1,229.0,229.0,150.0,244875.0,CE,12000,2020-01-02,,,,,2.8969691800913857,
24,2019-12-31 09:41:00+05:30,73166,NIFTYWEEKLYOPTIONCall,229.0,229.0,225.75,225.75,525.0,244275.0,CE,12000,2020-01-02,,,,,2.912840450767013,
25,2019-12-31 09:42:00+05:30,73167,NIFTYWEEKLYOPTIONCall,225.75,226.0,225.0,225.0,1500.0,244275.0,CE,12000,2020-01-02,,,,,2.8297571204173266,
26,2019-12-31 09:43:00+05:30,73168,NIFTYWEEKLYOPTIONCall,225.0,227.1,225.0,226.95,1575.0,244275.0,CE,12000,2020-01-02,,,,,2.7990888760634465,
27,2019-12-31 09:44:00+05:30,73169,NIFTYWEEKLYOPTIONCall,226.95,227.55,222.1,222.3,3600.0,242025.0,CE,12000,2020-01-02,,,,,2.9070267213415995,
28,2019-12-31 09:45:00+05:30,73170,NIFTYWEEKLYOPTIONCall,222.3,222.3,215.05,215.05,1425.0,242025.0,CE,12000,2020-01-02,,,,,3.0785742508189884,
29,2019-12-31 09:46:00+05:30,73171,NIFTYWEEKLYOPTIONCall,215.05,220.1,214.1,220.1,5775.0,242025.0,CE,12000,2020-01-02,,,,,3.190653197037758,
30,2019-12-31 09:47:00+05:30,73172,NIFTYWEEKLYOPTIONCall,219.2,219.2,217.45,217.7,825.0,243675.0,CE,12000,2020-01-02,,,,,3.136912937514426,
31,2019-12-31 09:48:00+05:30,73173,NIFTYWEEKLYOPTIONCall,217.7,223.0,217.7,222.95,675.0,243675.0,CE,12000,2020-01-02,,,,,3.2154498865589405,
32,2019-12-31 09:49:00+05:30,73174,NIFTYWEEKLYOPTIONCall,222.95,223.0,222.75,223.0,600.0,243675.0,CE,12000,2020-01-02,,,,,3.1105509495084567,
33,2019-12-31 09:50:00+05:30,73175,NIFTYWEEKLYOPTIONCall,223.0,224.1,222.0,224.1,1800.0,243375.0,CE,12000,2020-01-02,,,,,3.0756919751383127,
34,2019-12-31 09:51:00+05:30,73176,NIFTYWEEKLYOPTIONCall,224.1,224.1,222.1,222.75,150.0,243375.0,CE,12000,2020-01-02,,,,,3.039476640825377,
35,2019-12-31 09:52:00+05:30,73177,NIFTYWEEKLYOPTIONCall,222.75,222.75,221.0,222.75,450.0,243375.0,CE,12000,2020-01-02,,,,,2.997071614444378,
36,2019-12-31 09:53:00+05:30,73178,NIFTYWEEKLYOPTIONCall,222.75,222.75,222.75,222.75,0.0,243375.0,CE,12000,2020-01-02,,,,,2.9007260023210923,
37,2019-12-31 09:54:00+05:30,73179,NIFTYWEEKLYOPTIONCall,222.75,222.75,219.1,219.1,1425.0,242025.0,CE,12000,2020-01-02,,,,,2.9242884408348386,
38,2019-12-31 09:55:00+05:30,73180,NIFTYWEEKLYOPTIONCall,219.1,219.1,218.85,218.85,525.0,242025.0,CE,12000,2020-01-02,,,,,2.8419637937932967,
39,2019-12-31 09:56:00+05:30,73181,NIFTYWEEKLYOPTIONCall,218.85,218.85,218.85,218.85,0.0,242025.0,CE,12000,2020-01-02,,,,,2.7562670544170307,
40,2019-12-31 09:57:00+05:30,73182,NIFTYWEEKLYOPTIONCall,218.85,223.0,218.85,223.0,225.0,241500.0,CE,12000,2020-01-02,,,,,2.797459484602103,
41,2019-12-31 09:58:00+05:30,73183,NIFTYWEEKLYOPTIONCall,223.0,223.0,223.0,223.0,1200.0,241500.0,CE,12000,2020-01-02,,,,,2.716372972007103,
42,2019-12-31 09:59:00+05:30,73184,NIFTYWEEKLYOPTIONCall,223.0,225.1,223.0,224.25,4650.0,240975.0,CE,12000,2020-01-02,,,,,2.6988415118515445,
43,2019-12-31 10:00:00+05:30,73185,NIFTYWEEKLYOPTIONCall,224.25,224.55,224.0,224.0,1575.0,240975.0,CE,12000,2020-01-02,,,,,2.6388347810999946,
44,2019-12-31 10:01:00+05:30,73186,NIFTYWEEKLYOPTIONCall,224.0,225.0,224.0,225.0,1650.0,240975.0,CE,12000,2020-01-02,,,,,2.5938803333381824,
45,2019-12-31 10:02:00+05:30,73187,NIFTYWEEKLYOPTIONCall,224.8,229.0,224.55,229.0,6225.0,240150.0,CE,12000,2020-01-02,,,,,2.643917919620245,
46,2019-12-31 10:03:00+05:30,73188,NIFTYWEEKLYOPTIONCall,228.6,229.0,228.0,228.0,1650.0,240150.0,CE,12000,2020-01-02,,,,,2.600344149303096,
47,2019-12-31 10:04:00+05:30,73189,NIFTYWEEKLYOPTIONCall,227.6,227.6,226.25,226.4,525.0,240150.0,CE,12000,2020-01-02,,,,,2.5677437957773317,
48,2019-12-31 10:05:00+05:30,73190,NIFTYWEEKLYOPTIONCall,226.4,226.4,225.7,225.7,375.0,240150.0,CE,12000,2020-01-02,,,,,2.5198209308682697,
49,2019-12-31 10:06:00+05:30,73191,NIFTYWEEKLYOPTIONCall,225.7,225.7,224.9,224.9,75.0,240750.0,CE,12000,2020-01-02,,,,,2.476378031210966,
50,2019-12-31 10:07:00+05:30,73192,NIFTYWEEKLYOPTIONCall,224.9,224.9,224.85,224.85,225.0,240750.0,CE,12000,2020-01-02,,,,,2.416014538907677,
51,2019-12-31 10:08:00+05:30,73193,NIFTYWEEKLYOPTIONCall,224.85,224.85,224.2,224.2,75.0,240750.0,CE,12000,2020-01-02,,,,,2.372727891410486,
52,2019-12-31 10:09:00+05:30,73194,NIFTYWEEKLYOPTIONCall,224.2,224.2,224.2,224.2,0.0,240750.0,CE,12000,2020-01-02,,,,,2.315407585128142,
53,2019-12-31 10:10:00+05:30,73195,NIFTYWEEKLYOPTIONCall,224.2,224.2,224.2,224.2,0.0,240750.0,CE,12000,2020-01-02,,,,,2.2602582843666927,
54,2019-12-31 10:11:00+05:30,73196,NIFTYWEEKLYOPTIONCall,224.2,224.2,219.05,220.7,675.0,240825.0,CE,12000,2020-01-02,,,,,2.328142531573989,
55,2019-12-31 10:12:00+05:30,73197,NIFTYWEEKLYOPTIONCall,220.7,220.7,220.0,220.0,75.0,240825.0,CE,12000,2020-01-02,,,,,2.290407920115889,
56,2019-12-31 10:13:00+05:30,73198,NIFTYWEEKLYOPTIONCall,220.0,220.05,220.0,220.05,75.0,240825.0,CE,12000,2020-01-02,,,,,2.2391634480660745,
57,2019-12-31 10:14:00+05:30,73199,NIFTYWEEKLYOPTIONCall,220.05,220.2,219.35,220.2,3300.0,241050.0,CE,12000,2020-01-02,,,,,2.207796237556211,
58,2019-12-31 10:15:00+05:30,73200,NIFTYWEEKLYOPTIONCall,220.2,220.2,218.2,218.2,150.0,241050.0,CE,12000,2020-01-02,,,,,2.2031629585490067,
59,2019-12-31 10:16:00+05:30,73201,NIFTYWEEKLYOPTIONCall,218.2,218.2,217.5,217.5,150.0,241050.0,CE,12000,2020-01-02,,,,,2.1700569884566048,
60,2019-12-31 10:17:00+05:30,73202,NIFTYWEEKLYOPTIONCall,217.5,217.5,217.5,217.5,0.0,241050.0,CE,12000,2020-01-02,,,,,2.122835681202454,
61,2019-12-31 10:18:00+05:30,73203,NIFTYWEEKLYOPTIONCall,217.5,218.05,215.7,218.05,2925.0,241800.0,CE,12000,2020-01-02,,,,,2.127720931375168,
62,2019-12-31 10:19:00+05:30,73204,NIFTYWEEKLYOPTIONCall,218.05,220.3,218.05,220.3,150.0,241800.0,CE,12000,2020-01-02,,,,,2.1303204211765356,
63,2019-12-31 10:20:00+05:30,73205,NIFTYWEEKLYOPTIONCall,220.3,224.5,220.3,224.5,3075.0,241125.0,CE,12000,2020-01-02,,,,,2.173824936602151,
64,2019-12-31 10:21:00+05:30,73206,NIFTYWEEKLYOPTIONCall,224.5,225.0,223.9,224.4,6900.0,241125.0,CE,12000,2020-01-02,,,,,2.1515014276149422,
65,2019-12-31 10:22:00+05:30,73207,NIFTYWEEKLYOPTIONCall,224.4,224.4,224.4,224.4,0.0,241125.0,CE,12000,2020-01-02,,,,,2.1072560745793223,
66,2019-12-31 10:23:00+05:30,73208,NIFTYWEEKLYOPTIONCall,224.4,224.4,221.8,221.8,150.0,242925.0,CE,12000,2020-01-02,,,,,2.117282371440745,
67,2019-12-31 10:24:00+05:30,73209,NIFTYWEEKLYOPTIONCall,221.8,221.8,220.0,220.35,525.0,242925.0,CE,12000,2020-01-02,,,,,2.110893094257757,
68,2019-12-31 10:25:00+05:30,73210,NIFTYWEEKLYOPTIONCall,220.35,220.35,218.2,218.2,300.0,242925.0,CE,12000,2020-01-02,,,,,2.111672630258265,
69,2019-12-31 10:26:00+05:30,73211,NIFTYWEEKLYOPTIONCall,218.2,220.65,218.2,220.65,675.0,243000.0,CE,12000,2020-01-02,,,,,2.1183496785655542,
70,2019-12-31 10:27:00+05:30,73212,NIFTYWEEKLYOPTIONCall,220.65,220.65,220.65,220.65,0.0,243000.0,CE,12000,2020-01-02,,,,,2.0769502026265814,
71,2019-12-31 10:28:00+05:30,73213,NIFTYWEEKLYOPTIONCall,220.65,220.65,220.65,220.65,0.0,243000.0,CE,12000,2020-01-02,,,,,2.0367474538346313,
72,2019-12-31 10:29:00+05:30,73214,NIFTYWEEKLYOPTIONCall,220.65,221.7,220.65,221.7,75.0,243000.0,CE,12000,2020-01-02,,,,,2.017826264063031,
73,2019-12-31 10:30:00+05:30,73215,NIFTYWEEKLYOPTIONCall,221.7,221.7,221.7,221.7,0.0,243000.0,CE,12000,2020-01-02,,,,,1.9794893656691515,
74,2019-12-31 10:31:00+05:30,73216,NIFTYWEEKLYOPTIONCall,221.7,221.7,221.7,221.7,0.0,243000.0,CE,12000,2020-01-02,,,,,1.9422199159686588,
75,2019-12-31 10:32:00+05:30,73217,NIFTYWEEKLYOPTIONCall,221.7,221.7,218.95,218.95,150.0,242925.0,CE,12000,2020-01-02,,,,,1.9572940815618505,
76,2019-12-31 10:33:00+05:30,73218,NIFTYWEEKLYOPTIONCall,218.95,218.95,218.95,218.95,0.0,242925.0,CE,12000,2020-01-02,,,,,1.9210857703526143,
77,2019-12-31 10:34:00+05:30,73219,NIFTYWEEKLYOPTIONCall,218.95,218.95,218.95,218.95,0.0,242925.0,CE,12000,2020-01-02,,,,,1.8858502440685279,
78,2019-12-31 10:35:00+05:30,73220,NIFTYWEEKLYOPTIONCall,218.95,220.6,218.95,220.6,75.0,242925.0,CE,12000,2020-01-02,,,,,1.881560611742475,
79,2019-12-31 10:36:00+05:30,73221,NIFTYWEEKLYOPTIONCall,220.6,223.0,220.6,222.0,225.0,243150.0,CE,12000,2020-01-02,,,,,1.8909124627397034,
80,2019-12-31 10:37:00+05:30,73222,NIFTYWEEKLYOPTIONCall,222.0,222.0,222.0,222.0,0.0,243150.0,CE,12000,2020-01-02,,,,,1.8570786256121175,
81,2019-12-31 10:38:00+05:30,73223,NIFTYWEEKLYOPTIONCall,222.0,222.0,220.75,220.75,75.0,243150.0,CE,12000,2020-01-02,,,,,1.846302373532621,
82,2019-12-31 10:39:00+05:30,73224,NIFTYWEEKLYOPTIONCall,220.75,222.1,220.75,222.1,300.0,243150.0,CE,12000,2020-01-02,,,,,1.837561129437619,
83,2019-12-31 10:40:00+05:30,73225,NIFTYWEEKLYOPTIONCall,222.1,222.1,218.0,218.0,150.0,243150.0,CE,12000,2020-01-02,,,,,1.877103930280937,
84,2019-12-31 10:41:00+05:30,73226,NIFTYWEEKLYOPTIONCall,218.0,218.0,218.0,218.0,0.0,243150.0,CE,12000,2020-01-02,,,,,1.8445427106765733,
85,2019-12-31 10:42:00+05:30,73227,NIFTYWEEKLYOPTIONCall,218.0,221.8,218.0,219.85,225.0,243225.0,CE,12000,2020-01-02,,,,,1.8782123996842741,
86,2019-12-31 10:43:00+05:30,73228,NIFTYWEEKLYOPTIONCall,219.85,219.85,219.85,219.85,0.0,243225.0,CE,12000,2020-01-02,,,,,1.8461076588653431,
87,2019-12-31 10:44:00+05:30,73229,NIFTYWEEKLYOPTIONCall,219.85,222.2,219.85,222.1,150.0,243225.0,CE,12000,2020-01-02,,,,,1.8546593074434348,
88,2019-12-31 10:45:00+05:30,73230,NIFTYWEEKLYOPTIONCall,222.1,223.8,221.35,223.8,450.0,243225.0,CE,12000,2020-01-02,,,,,1.864692009499928,
89,2019-12-31 10:46:00+05:30,73231,NIFTYWEEKLYOPTIONCall,223.8,223.8,221.85,221.85,525.0,243225.0,CE,12000,2020-01-02,,,,,1.8661196987907374,
90,2019-12-31 10:47:00+05:30,73232,NIFTYWEEKLYOPTIONCall,221.85,221.85,221.2,221.2,750.0,242700.0,CE,12000,2020-01-02,,,,,1.8459052393484057,
91,2019-12-31 10:48:00+05:30,73233,NIFTYWEEKLYOPTIONCall,221.2,221.2,217.7,218.55,375.0,242700.0,CE,12000,2020-01-02,,,,,1.8732162027954742,
92,2019-12-31 10:49:00+05:30,73234,NIFTYWEEKLYOPTIONCall,218.55,218.55,217.15,217.15,225.0,242700.0,CE,12000,2020-01-02,,,,,1.8654541794772037,
93,2019-12-31 10:50:00+05:30,73235,NIFTYWEEKLYOPTIONCall,217.15,217.15,214.1,216.0,1050.0,242550.0,CE,12000,2020-01-02,,,,,1.8847584184211483,
94,2019-12-31 10:51:00+05:30,73236,NIFTYWEEKLYOPTIONCall,216.0,216.0,215.25,215.25,75.0,242550.0,CE,12000,2020-01-02,,,,,1.866383076130432,
95,2019-12-31 10:52:00+05:30,73237,NIFTYWEEKLYOPTIONCall,215.25,218.8,215.25,218.8,225.0,242550.0,CE,12000,2020-01-02,,,,,1.8934757086901768,
96,2019-12-31 10:53:00+05:30,73238,NIFTYWEEKLYOPTIONCall,218.8,218.8,218.8,218.8,0.0,242550.0,CE,12000,2020-01-02,,,,,1.8631935198663256,
97,2019-12-31 10:54:00+05:30,73239,NIFTYWEEKLYOPTIONCall,218.8,218.8,218.8,218.8,0.0,242550.0,CE,12000,2020-01-02,,,,,1.8335760586348988,
98,2019-12-31 10:55:00+05:30,73240,NIFTYWEEKLYOPTIONCall,218.8,218.8,218.8,218.8,0.0,242550.0,CE,12000,2020-01-02,,,,,1.8046030940859197,
99,2019-12-31 10:56:00+05:30,73241,NIFTYWEEKLYOPTIONCall,218.8,218.8,218.35,218.35,75.0,242475.0,CE,12000,2020-01-02,,,,,1.7833240993060917,
100,2019-12-31 10:57:00+05:30,73242,NIFTYWEEKLYOPTIONCall,218.35,218.35,218.35,218.35,0.0,242475.0,CE,12000,2020-01-02,,,,,1.7554722278748722,
101,2019-12-31 10:58:00+05:30,73243,NIFTYWEEKLYOPTIONCall,218.35,218.35,216.15,216.15,150.0,242475.0,CE,12000,2020-01-02,,,,,1.7623753765508232,
102,2019-12-31 10:59:00+05:30,73244,NIFTYWEEKLYOPTIONCall,216.15,217.15,216.15,217.15,75.0,242475.0,CE,12000,2020-01-02,,,,,1.750602576908226,
103,2019-12-31 11:00:00+05:30,73245,NIFTYWEEKLYOPTIONCall,217.15,217.15,207.0,209.4,3675.0,242475.0,CE,12000,2020-01-02,,,,,1.8795934916184809,
104,2019-12-31 11:01:00+05:30,73246,NIFTYWEEKLYOPTIONCall,209.4,209.4,208.0,209.1,750.0,242475.0,CE,12000,2020-01-02,,,,,1.8722682639374684,
105,2019-12-31 11:02:00+05:30,73247,NIFTYWEEKLYOPTIONCall,209.1,212.2,205.5,212.2,8400.0,243525.0,CE,12000,2020-01-02,,,,,1.9456121352448141,
106,2019-12-31 11:03:00+05:30,73248,NIFTYWEEKLYOPTIONCall,212.2,213.55,210.9,211.55,6150.0,243525.0,CE,12000,2020-01-02,,,,,1.9562570130320849,
107,2019-12-31 11:04:00+05:30,73249,NIFTYWEEKLYOPTIONCall,211.55,214.45,211.55,214.45,3225.0,243525.0,CE,12000,2020-01-02,,,,,1.9704451447546978,
108,2019-12-31 11:05:00+05:30,73250,NIFTYWEEKLYOPTIONCall,214.45,215.0,213.0,215.0,3450.0,241500.0,CE,12000,2020-01-02,,,,,1.9708872002776614,
109,2019-12-31 11:06:00+05:30,73251,NIFTYWEEKLYOPTIONCall,215.0,216.5,213.65,214.9,975.0,241500.0,CE,12000,2020-01-02,,,,,1.9839700475312476,
110,2019-12-31 11:07:00+05:30,73252,NIFTYWEEKLYOPTIONCall,214.9,217.95,214.9,217.95,900.0,241500.0,CE,12000,2020-01-02,,,,,1.9997559448388176,
111,2019-12-31 11:08:00+05:30,73253,NIFTYWEEKLYOPTIONCall,217.95,217.95,213.15,213.2,825.0,242850.0,CE,12000,2020-01-02,,,,,2.041019802158808,
112,2019-12-31 11:09:00+05:30,73254,NIFTYWEEKLYOPTIONCall,213.2,214.6,212.95,213.75,525.0,242850.0,CE,12000,2020-01-02,,,,,2.0352855337702067,
113,2019-12-31 11:10:00+05:30,73255,NIFTYWEEKLYOPTIONCall,213.75,215.25,213.65,215.25,300.0,242850.0,CE,12000,2020-01-02,,,,,2.028932378510512,
114,2019-12-31 11:11:00+05:30,73256,NIFTYWEEKLYOPTIONCall,215.25,217.0,215.25,217.0,675.0,243825.0,CE,12000,2020-01-02,,,,,2.024880278178417,
115,2019-12-31 11:12:00+05:30,73257,NIFTYWEEKLYOPTIONCall,217.0,218.1,216.8,216.8,375.0,243825.0,CE,12000,2020-01-02,,,,,2.014398304876729,
116,2019-12-31 11:13:00+05:30,73258,NIFTYWEEKLYOPTIONCall,216.8,217.55,216.8,217.4,150.0,243825.0,CE,12000,2020-01-02,,,,,1.996197730451171,
117,2019-12-31 11:14:00+05:30,73259,NIFTYWEEKLYOPTIONCall,217.4,217.4,216.0,216.0,150.0,244050.0,CE,12000,2020-01-02,,,,,1.9876540635593138,
118,2019-12-31 11:15:00+05:30,73260,NIFTYWEEKLYOPTIONCall,216.0,216.0,212.15,212.15,75.0,244050.0,CE,12000,2020-01-02,,,,,2.01422427349021,
119,2019-12-31 11:16:00+05:30,73261,NIFTYWEEKLYOPTIONCall,212.15,213.8,212.15,213.0,1875.0,244050.0,CE,12000,2020-01-02,,,,,2.009050451515073,
120,2019-12-31 11:17:00+05:30,73262,NIFTYWEEKLYOPTIONCall,213.0,213.0,212.0,213.0,4950.0,244050.0,CE,12000,2020-01-02,,,,,1.9947782732832495,
121,2019-12-31 11:18:00+05:30,73263,NIFTYWEEKLYOPTIONCall,213.0,219.75,213.0,219.0,300.0,242325.0,CE,12000,2020-01-02,,,,,2.061752739622807,
122,2019-12-31 11:19:00+05:30,73264,NIFTYWEEKLYOPTIONCall,219.0,219.0,217.35,217.35,75.0,242325.0,CE,12000,2020-01-02,,,,,2.0559776072513567,
123,2019-12-31 11:20:00+05:30,73265,NIFTYWEEKLYOPTIONCall,217.35,217.9,217.35,217.9,75.0,242325.0,CE,12000,2020-01-02,,,,,2.0349419399771254,
124,2019-12-31 11:21:00+05:30,73266,NIFTYWEEKLYOPTIONCall,217.9,217.9,216.9,216.9,75.0,242625.0,CE,12000,2020-01-02,,,,,2.020544309668571,
125,2019-12-31 11:22:00+05:30,73267,NIFTYWEEKLYOPTIONCall,216.9,217.1,216.9,217.1,300.0,242625.0,CE,12000,2020-01-02,,,,,1.9953189126089315,
126,2019-12-31 11:23:00+05:30,73268,NIFTYWEEKLYOPTIONCall,217.1,217.1,217.1,217.1,0.0,242625.0,CE,12000,2020-01-02,,,,,1.9677807575751551,
127,2019-12-31 11:24:00+05:30,73269,NIFTYWEEKLYOPTIONCall,217.1,217.1,215.05,215.05,1800.0,242475.0,CE,12000,2020-01-02,,,,,1.9689110878745941,
128,2019-12-31 11:25:00+05:30,73270,NIFTYWEEKLYOPTIONCall,215.05,215.05,213.6,213.6,525.0,242475.0,CE,12000,2020-01-02,,,,,1.9618045606543288,
129,2019-12-31 11:26:00+05:30,73271,NIFTYWEEKLYOPTIONCall,213.6,213.6,213.6,213.6,0.0,242475.0,CE,12000,2020-01-02,,,,,1.9350390471359287,
130,2019-12-31 11:27:00+05:30,73272,NIFTYWEEKLYOPTIONCall,213.6,213.6,213.0,213.0,150.0,242175.0,CE,12000,2020-01-02,,,,,1.9168926015066492,
131,2019-12-31 11:28:00+05:30,73273,NIFTYWEEKLYOPTIONCall,213.0,213.0,212.1,212.1,75.0,242175.0,CE,12000,2020-01-02,,,,,1.9031213799856501,
132,2019-12-31 11:29:00+05:30,73274,NIFTYWEEKLYOPTIONCall,212.1,215.0,212.1,215.0,3300.0,242100.0,CE,12000,2020-01-02,,,,,1.9165725810120013,
133,2019-12-31 11:30:00+05:30,73275,NIFTYWEEKLYOPTIONCall,215.0,215.0,214.5,214.5,1350.0,242100.0,CE,12000,2020-01-02,,,,,1.8975267345118507,
134,2019-12-31 11:31:00+05:30,73276,NIFTYWEEKLYOPTIONCall,214.5,216.0,214.5,216.0,3000.0,242100.0,CE,12000,2020-01-02,,,,,1.8922008547436204,
135,2019-12-31 11:32:00+05:30,73277,NIFTYWEEKLYOPTIONCall,216.0,217.0,216.0,217.0,1875.0,243150.0,CE,12000,2020-01-02,,,,,1.880289209004554,
136,2019-12-31 11:33:00+05:30,73278,NIFTYWEEKLYOPTIONCall,217.0,217.1,217.0,217.1,75.0,243150.0,CE,12000,2020-01-02,,,,,1.8566025387829,
137,2019-12-31 11:34:00+05:30,73279,NIFTYWEEKLYOPTIONCall,217.1,217.8,216.95,216.95,225.0,243150.0,CE,12000,2020-01-02,,,,,1.8432551699326474,
138,2019-12-31 11:35:00+05:30,73280,NIFTYWEEKLYOPTIONCall,216.95,217.35,216.95,217.35,75.0,243600.0,CE,12000,2020-01-02,,,,,1.8241819294060753,
139,2019-12-31 11:36:00+05:30,73281,NIFTYWEEKLYOPTIONCall,217.35,218.0,217.35,218.0,75.0,243600.0,CE,12000,2020-01-02,,,,,1.8087158693442362,
140,2019-12-31 11:37:00+05:30,73282,NIFTYWEEKLYOPTIONCall,218.0,224.05,218.0,224.05,3000.0,243600.0,CE,12000,2020-01-02,,,,,1.8643989817085194,
141,2019-12-31 11:38:00+05:30,73283,NIFTYWEEKLYOPTIONCall,224.05,224.05,220.1,220.1,75.0,244200.0,CE,12000,2020-01-02,,,,,1.8916923909794021,
142,2019-12-31 11:39:00+05:30,73284,NIFTYWEEKLYOPTIONCall,220.1,220.1,220.0,220.0,1200.0,244200.0,CE,12000,2020-01-02,,,,,1.868319700037882,
143,2019-12-31 11:40:00+05:30,73285,NIFTYWEEKLYOPTIONCall,220.0,220.0,220.0,220.0,750.0,244200.0,CE,12000,2020-01-02,,,,,1.8440237905690453,
144,2019-12-31 11:41:00+05:30,73286,NIFTYWEEKLYOPTIONCall,220.0,221.3,220.0,220.95,1650.0,244200.0,CE,12000,2020-01-02,,,,,1.8369711092363517,
145,2019-12-31 11:42:00+05:30,73287,NIFTYWEEKLYOPTIONCall,220.95,221.0,220.0,220.0,825.0,245325.0,CE,12000,2020-01-02,,,,,1.826153814690258,
146,2019-12-31 11:43:00+05:30,73288,NIFTYWEEKLYOPTIONCall,220.0,220.0,218.8,219.85,750.0,245325.0,CE,12000,2020-01-02,,,,,1.8180855864005399,
147,2019-12-31 11:44:00+05:30,73289,NIFTYWEEKLYOPTIONCall,219.85,220.0,219.85,220.0,75.0,246300.0,CE,12000,2020-01-02,,,,,1.796655629174023,
148,2019-12-31 11:45:00+05:30,73290,NIFTYWEEKLYOPTIONCall,220.0,226.25,220.0,223.3,4050.0,246300.0,CE,12000,2020-01-02,,,,,1.8536998540621064,
149,2019-12-31 11:46:00+05:30,73291,NIFTYWEEKLYOPTIONCall,223.3,226.55,223.3,225.0,525.0,246300.0,CE,12000,2020-01-02,,,,,1.8715336156756535,
150,2019-12-31 11:47:00+05:30,73292,NIFTYWEEKLYOPTIONCall,225.0,229.05,225.0,229.05,300.0,246300.0,CE,12000,2020-01-02,,,,,1.8992776678232957,
151,2019-12-31 11:48:00+05:30,73293,NIFTYWEEKLYOPTIONCall,229.05,230.0,228.0,230.0,600.0,246600.0,CE,12000,2020-01-02,,,,,1.9005568002047306,
152,2019-12-31 11:49:00+05:30,73294,NIFTYWEEKLYOPTIONCall,230.0,230.85,229.8,230.85,975.0,246600.0,CE,12000,2020-01-02,,,,,1.8897852224154745,
153,2019-12-31 11:50:00+05:30,73295,NIFTYWEEKLYOPTIONCall,230.85,230.85,227.7,227.7,525.0,246750.0,CE,12000,2020-01-02,,,,,1.9057007924991112,
154,2019-12-31 11:51:00+05:30,73296,NIFTYWEEKLYOPTIONCall,227.7,230.0,227.0,229.65,1950.0,246750.0,CE,12000,2020-01-02,,,,,1.9194833705429712,
155,2019-12-31 11:52:00+05:30,73297,NIFTYWEEKLYOPTIONCall,229.65,231.0,228.0,230.0,5025.0,246750.0,CE,12000,2020-01-02,,,,,1.9330557957799925,
156,2019-12-31 11:53:00+05:30,73298,NIFTYWEEKLYOPTIONCall,230.0,248.0,230.0,243.15,7575.0,252975.0,CE,12000,2020-01-02,,,,,2.134338089168769,
157,2019-12-31 11:54:00+05:30,73299,NIFTYWEEKLYOPTIONCall,243.15,251.65,243.15,251.65,11550.0,252975.0,CE,12000,2020-01-02,,,,,2.2138764384909733,
158,2019-12-31 11:55:00+05:30,73300,NIFTYWEEKLYOPTIONCall,251.65,260.5,250.0,251.15,8850.0,252975.0,CE,12000,2020-01-02,,,,,2.3171429116729656,
159,2019-12-31 11:56:00+05:30,73301,NIFTYWEEKLYOPTIONCall,251.15,251.15,247.45,247.45,2700.0,253950.0,CE,12000,2020-01-02,,,,,2.334332844449587,
160,2019-12-31 11:57:00+05:30,73302,NIFTYWEEKLYOPTIONCall,247.45,251.9,247.45,251.9,1125.0,253950.0,CE,12000,2020-01-02,,,,,2.360565783747476,
161,2019-12-31 11:58:00+05:30,73303,NIFTYWEEKLYOPTIONCall,251.9,254.7,251.15,252.0,1875.0,253950.0,CE,12000,2020-01-02,,,,,2.3752772635088126,
162,2019-12-31 11:59:00+05:30,73304,NIFTYWEEKLYOPTIONCall,252.0,254.1,251.0,251.0,150.0,254025.0,CE,12000,2020-01-02,,,,,2.38421891060037,
163,2019-12-31 12:00:00+05:30,73305,NIFTYWEEKLYOPTIONCall,251.0,254.65,251.0,251.9,2625.0,254025.0,CE,12000,2020-01-02,,,,,2.3997981818405436,
164,2019-12-31 12:01:00+05:30,73306,NIFTYWEEKLYOPTIONCall,251.9,251.9,246.95,246.95,1125.0,254025.0,CE,12000,2020-01-02,,,,,2.4311107709138433,
165,2019-12-31 12:02:00+05:30,73307,NIFTYWEEKLYOPTIONCall,246.95,247.6,246.0,247.6,750.0,254325.0,CE,12000,2020-01-02,,,,,2.420930202302175,
166,2019-12-31 12:03:00+05:30,73308,NIFTYWEEKLYOPTIONCall,247.6,247.6,247.6,247.6,0.0,254325.0,CE,12000,2020-01-02,,,,,2.3913448525396417,
167,2019-12-31 12:04:00+05:30,73309,NIFTYWEEKLYOPTIONCall,247.6,247.6,242.0,242.0,450.0,254325.0,CE,12000,2020-01-02,,,,,2.430465968279274,
168,2019-12-31 12:05:00+05:30,73310,NIFTYWEEKLYOPTIONCall,242.0,242.0,240.9,240.9,75.0,254325.0,CE,12000,2020-01-02,,,,,2.414281517607,
169,2019-12-31 12:06:00+05:30,73311,NIFTYWEEKLYOPTIONCall,240.9,244.5,240.9,244.5,225.0,254550.0,CE,12000,2020-01-02,,,,,2.4286726134102263,
170,2019-12-31 12:07:00+05:30,73312,NIFTYWEEKLYOPTIONCall,244.5,245.0,243.5,245.0,225.0,254550.0,CE,12000,2020-01-02,,,,,2.417426436800963,
171,2019-12-31 12:08:00+05:30,73313,NIFTYWEEKLYOPTIONCall,245.0,245.0,244.25,244.25,300.0,254475.0,CE,12000,2020-01-02,,,,,2.3972784961052094,
172,2019-12-31 12:09:00+05:30,73314,NIFTYWEEKLYOPTIONCall,244.25,246.2,244.25,246.2,300.0,254475.0,CE,12000,2020-01-02,,,,,2.3918856840307128,
173,2019-12-31 12:10:00+05:30,73315,NIFTYWEEKLYOPTIONCall,246.2,246.5,246.2,246.5,75.0,254475.0,CE,12000,2020-01-02,,,,,2.3667181940710886,
174,2019-12-31 12:11:00+05:30,73316,NIFTYWEEKLYOPTIONCall,246.5,246.5,244.1,244.1,150.0,254475.0,CE,12000,2020-01-02,,,,,2.3671177566150288,
175,2019-12-31 12:12:00+05:30,73317,NIFTYWEEKLYOPTIONCall,244.1,244.5,244.1,244.5,300.0,254250.0,CE,12000,2020-01-02,,,,,2.3435512474777824,
176,2019-12-31 12:13:00+05:30,73318,NIFTYWEEKLYOPTIONCall,244.5,244.5,241.85,241.85,300.0,254250.0,CE,12000,2020-01-02,,,,,2.3472149541325176,
177,2019-12-31 12:14:00+05:30,73319,NIFTYWEEKLYOPTIONCall,241.85,242.55,241.85,242.55,150.0,254250.0,CE,12000,2020-01-02,,,,,2.327562272287069,
178,2019-12-31 12:15:00+05:30,73320,NIFTYWEEKLYOPTIONCall,242.55,243.0,242.55,243.0,1500.0,253950.0,CE,12000,2020-01-02,,,,,2.3052067288390092,
179,2019-12-31 12:16:00+05:30,73321,NIFTYWEEKLYOPTIONCall,243.0,243.0,241.8,241.8,75.0,253950.0,CE,12000,2020-01-02,,,,,2.292073720740383,
180,2019-12-31 12:17:00+05:30,73322,NIFTYWEEKLYOPTIONCall,241.8,241.8,240.0,240.0,1575.0,253950.0,CE,12000,2020-01-02,,,,,2.2862380469946166,
181,2019-12-31 12:18:00+05:30,73323,NIFTYWEEKLYOPTIONCall,240.0,240.0,239.0,239.0,975.0,253725.0,CE,12000,2020-01-02,,,,,2.271013916036254,
182,2019-12-31 12:19:00+05:30,73324,NIFTYWEEKLYOPTIONCall,239.0,241.05,239.0,239.8,3900.0,253725.0,CE,12000,2020-01-02,,,,,2.268403010533766,
183,2019-12-31 12:20:00+05:30,73325,NIFTYWEEKLYOPTIONCall,239.8,242.25,239.8,242.25,450.0,253725.0,CE,12000,2020-01-02,,,,,2.270544177143498,
184,2019-12-31 12:21:00+05:30,73326,NIFTYWEEKLYOPTIONCall,242.25,243.95,242.25,243.9,300.0,255075.0,CE,12000,2020-01-02,,,,,2.2638297161875194,
185,2019-12-31 12:22:00+05:30,73327,NIFTYWEEKLYOPTIONCall,243.9,243.9,241.15,241.15,150.0,255075.0,CE,12000,2020-01-02,,,,,2.2695405560655364,
186,2019-12-31 12:23:00+05:30,73328,NIFTYWEEKLYOPTIONCall,241.15,241.15,241.0,241.0,75.0,255075.0,CE,12000,2020-01-02,,,,,2.2446890615068837,
187,2019-12-31 12:24:00+05:30,73329,NIFTYWEEKLYOPTIONCall,241.0,241.0,241.0,241.0,0.0,255075.0,CE,12000,2020-01-02,,,,,2.2184181246970525,
188,2019-12-31 12:25:00+05:30,73330,NIFTYWEEKLYOPTIONCall,241.0,241.0,241.0,241.0,0.0,255075.0,CE,12000,2020-01-02,,,,,2.192501370080144,
189,2019-12-31 12:26:00+05:30,73331,NIFTYWEEKLYOPTIONCall,241.0,241.25,241.0,241.25,150.0,255150.0,CE,12000,2020-01-02,,,,,2.1698483808966356,
190,2019-12-31 12:27:00+05:30,73332,NIFTYWEEKLYOPTIONCall,241.25,241.25,234.65,237.15,1575.0,255150.0,CE,12000,2020-01-02,,,,,2.221420948349193,
191,2019-12-31 12:28:00+05:30,73333,NIFTYWEEKLYOPTIONCall,237.15,237.15,234.5,235.0,375.0,255150.0,CE,12000,2020-01-02,,,,,2.2264014830166037,
192,2019-12-31 12:29:00+05:30,73334,NIFTYWEEKLYOPTIONCall,235.0,235.0,229.0,231.0,2175.0,256125.0,CE,12000,2020-01-02,,,,,2.270179325429533,
193,2019-12-31 12:30:00+05:30,73335,NIFTYWEEKLYOPTIONCall,231.0,235.2,231.0,235.2,2775.0,256125.0,CE,12000,2020-01-02,,,,,2.292529344615914,
194,2019-12-31 12:31:00+05:30,73336,NIFTYWEEKLYOPTIONCall,235.2,235.65,235.2,235.65,300.0,256125.0,CE,12000,2020-01-02,,,,,2.271226079120358,
195,2019-12-31 12:32:00+05:30,73337,NIFTYWEEKLYOPTIONCall,235.65,235.65,235.65,235.65,0.0,256125.0,CE,12000,2020-01-02,,,,,2.245009780353635,
196,2019-12-31 12:33:00+05:30,73338,NIFTYWEEKLYOPTIONCall,235.65,236.0,235.65,236.0,75.0,257850.0,CE,12000,2020-01-02,,,,,2.2231719230048457,
197,2019-12-31 12:34:00+05:30,73339,NIFTYWEEKLYOPTIONCall,236.0,236.0,236.0,236.0,0.0,257850.0,CE,12000,2020-01-02,,,,,2.1975938761283835,
198,2019-12-31 12:35:00+05:30,73340,NIFTYWEEKLYOPTIONCall,236.0,236.0,234.3,234.3,75.0,257850.0,CE,12000,2020-01-02,,,,,2.191878126276725,
199,2019-12-31 12:36:00+05:30,73341,NIFTYWEEKLYOPTIONCall,234.3,234.45,234.3,234.45,75.0,257850.0,CE,12000,2020-01-02,,,,,2.1684606628479983,
200,2019-12-31 12:37:00+05:30,73342,NIFTYWEEKLYOPTIONCall,234.45,234.45,233.0,233.0,75.0,257850.0,CE,12000,2020-01-02,,,,,2.1602338283314664,
201,2019-12-31 12:38:00+05:30,73343,NIFTYWEEKLYOPTIONCall,233.0,233.0,229.55,229.55,450.0,257850.0,CE,12000,2020-01-02,,,,,2.174979625822734,
202,2019-12-31 12:39:00+05:30,73344,NIFTYWEEKLYOPTIONCall,229.55,233.0,229.55,233.0,75.0,257700.0,CE,12000,2020-01-02,,,,,2.1895345385932723,
203,2019-12-31 12:40:00+05:30,73345,NIFTYWEEKLYOPTIONCall,233.0,235.45,233.0,235.45,300.0,257700.0,CE,12000,2020-01-02,,,,,2.1925033691216442,
204,2019-12-31 12:41:00+05:30,73346,NIFTYWEEKLYOPTIONCall,235.45,236.05,235.45,236.05,75.0,257700.0,CE,12000,2020-01-02,,,,,2.1743788750613398,
205,2019-12-31 12:42:00+05:30,73347,NIFTYWEEKLYOPTIONCall,236.05,236.05,236.05,236.05,0.0,257700.0,CE,12000,2020-01-02,,,,,2.1496685527920842,
206,2019-12-31 12:43:00+05:30,73348,NIFTYWEEKLYOPTIONCall,236.05,236.05,233.0,233.0,150.0,257475.0,CE,12000,2020-01-02,,,,,2.1598852508960062,
207,2019-12-31 12:44:00+05:30,73349,NIFTYWEEKLYOPTIONCall,233.0,233.0,233.0,233.0,0.0,257475.0,CE,12000,2020-01-02,,,,,2.1354109118416695,
208,2019-12-31 12:45:00+05:30,73350,NIFTYWEEKLYOPTIONCall,233.0,233.0,233.0,233.0,0.0,257475.0,CE,12000,2020-01-02,,,,,2.1112484593655334,
209,2019-12-31 12:46:00+05:30,73351,NIFTYWEEKLYOPTIONCall,233.0,233.0,229.85,229.85,225.0,257400.0,CE,12000,2020-01-02,,,,,2.122985470504635,
210,2019-12-31 12:47:00+05:30,73352,NIFTYWEEKLYOPTIONCall,229.85,229.85,229.85,229.85,0.0,257400.0,CE,12000,2020-01-02,,,,,2.099031027994483,
211,2019-12-31 12:48:00+05:30,73353,NIFTYWEEKLYOPTIONCall,229.85,229.85,229.85,229.85,0.0,257400.0,CE,12000,2020-01-02,,,,,2.0753795678931732,
212,2019-12-31 12:49:00+05:30,73354,NIFTYWEEKLYOPTIONCall,229.85,232.1,229.85,232.1,75.0,257475.0,CE,12000,2020-01-02,,,,,2.077344470208984,
213,2019-12-31 12:50:00+05:30,73355,NIFTYWEEKLYOPTIONCall,232.1,232.1,232.1,232.1,0.0,257475.0,CE,12000,2020-01-02,,,,,2.054000866481532,
214,2019-12-31 12:51:00+05:30,73356,NIFTYWEEKLYOPTIONCall,232.1,232.1,228.15,228.7,3075.0,257475.0,CE,12000,2020-01-02,,,,,2.0752782187065613,
215,2019-12-31 12:52:00+05:30,73357,NIFTYWEEKLYOPTIONCall,228.7,228.7,228.7,228.7,0.0,257475.0,CE,12000,2020-01-02,,,,,2.0520196843157756,
216,2019-12-31 12:53:00+05:30,73358,NIFTYWEEKLYOPTIONCall,228.7,228.7,228.7,228.7,0.0,257475.0,CE,12000,2020-01-02,,,,,2.0290518244279374,
217,2019-12-31 12:54:00+05:30,73359,NIFTYWEEKLYOPTIONCall,228.7,230.0,228.7,230.0,975.0,257250.0,CE,12000,2020-01-02,,,,,2.0209022160061556,
218,2019-12-31 12:55:00+05:30,73360,NIFTYWEEKLYOPTIONCall,230.0,230.0,230.0,230.0,0.0,257250.0,CE,12000,2020-01-02,,,,,1.9983406501763255,
219,2019-12-31 12:56:00+05:30,73361,NIFTYWEEKLYOPTIONCall,230.0,230.0,230.0,230.0,0.0,257250.0,CE,12000,2020-01-02,,,,,1.976059108212804,
220,2019-12-31 12:57:00+05:30,73362,NIFTYWEEKLYOPTIONCall,230.0,230.7,230.0,230.7,1050.0,257625.0,CE,12000,2020-01-02,,,,,1.9618487704056837,
221,2019-12-31 12:58:00+05:30,73363,NIFTYWEEKLYOPTIONCall,230.7,232.05,230.7,232.05,75.0,257625.0,CE,12000,2020-01-02,,,,,1.9550435589244506,
222,2019-12-31 12:59:00+05:30,73364,NIFTYWEEKLYOPTIONCall,232.05,232.05,232.05,232.05,0.0,257625.0,CE,12000,2020-01-02,,,,,1.9333253575613463,
223,2019-12-31 13:00:00+05:30,73365,NIFTYWEEKLYOPTIONCall,232.05,232.05,232.05,232.05,0.0,257625.0,CE,12000,2020-01-02,,,,,1.9118743284164887,
224,2019-12-31 13:01:00+05:30,73366,NIFTYWEEKLYOPTIONCall,232.05,232.05,232.05,232.05,0.0,257625.0,CE,12000,2020-01-02,,,,,1.890686614078186,
225,2019-12-31 13:02:00+05:30,73367,NIFTYWEEKLYOPTIONCall,232.05,242.3,232.05,242.3,2175.0,257250.0,CE,12000,2020-01-02,,,,,1.983216642898694,
226,2019-12-31 13:03:00+05:30,73368,NIFTYWEEKLYOPTIONCall,242.0,242.0,240.05,240.05,450.0,256875.0,CE,12000,2020-01-02,,,,,1.9828493937287899,
227,2019-12-31 13:04:00+05:30,73369,NIFTYWEEKLYOPTIONCall,240.05,240.05,239.15,239.15,300.0,256875.0,CE,12000,2020-01-02,,,,,1.9708910305177123,
228,2019-12-31 13:05:00+05:30,73370,NIFTYWEEKLYOPTIONCall,239.3,239.3,237.0,237.0,450.0,256875.0,CE,12000,2020-01-02,,,,,1.9745213724515864,
229,2019-12-31 13:06:00+05:30,73371,NIFTYWEEKLYOPTIONCall,237.0,237.0,236.65,236.65,75.0,256950.0,CE,12000,2020-01-02,,,,,1.9566217924464868,
230,2019-12-31 13:07:00+05:30,73372,NIFTYWEEKLYOPTIONCall,236.65,240.0,236.65,240.0,2400.0,256950.0,CE,12000,2020-01-02,,,,,1.9719574154490538,
231,2019-12-31 13:08:00+05:30,73373,NIFTYWEEKLYOPTIONCall,240.0,240.0,238.0,238.0,1050.0,256950.0,CE,12000,2020-01-02,,,,,1.9722657135014265,
232,2019-12-31 13:09:00+05:30,73374,NIFTYWEEKLYOPTIONCall,238.0,238.0,238.0,238.0,0.0,256950.0,CE,12000,2020-01-02,,,,,1.9506064456575645,
233,2019-12-31 13:10:00+05:30,73375,NIFTYWEEKLYOPTIONCall,238.0,241.85,238.0,240.1,900.0,254625.0,CE,12000,2020-01-02,,,,,1.971442914348156,
234,2019-12-31 13:11:00+05:30,73376,NIFTYWEEKLYOPTIONCall,240.1,240.1,240.0,240.0,2475.0,254625.0,CE,12000,2020-01-02,,,,,1.9509349904492204,
235,2019-12-31 13:12:00+05:30,73377,NIFTYWEEKLYOPTIONCall,240.0,240.0,240.0,240.0,300.0,252750.0,CE,12000,2020-01-02,,,,,1.9295785460856127,
236,2019-12-31 13:13:00+05:30,73378,NIFTYWEEKLYOPTIONCall,240.0,240.0,237.55,237.55,300.0,252750.0,CE,12000,2020-01-02,,,,,1.9352695305691212,
237,2019-12-31 13:14:00+05:30,73379,NIFTYWEEKLYOPTIONCall,237.55,237.55,234.0,234.0,150.0,252900.0,CE,12000,2020-01-02,,,,,1.9529089087237834,
238,2019-12-31 13:15:00+05:30,73380,NIFTYWEEKLYOPTIONCall,234.0,234.0,231.3,231.3,150.0,252900.0,CE,12000,2020-01-02,,,,,1.9610618199005012,
239,2019-12-31 13:16:00+05:30,73381,NIFTYWEEKLYOPTIONCall,231.3,231.3,231.3,231.3,0.0,252900.0,CE,12000,2020-01-02,,,,,1.9396826320097564,
240,2019-12-31 13:17:00+05:30,73382,NIFTYWEEKLYOPTIONCall,232.2,232.2,232.2,232.2,75.0,252900.0,CE,12000,2020-01-02,,,,,1.9283595080632272,
241,2019-12-31 13:18:00+05:30,73383,NIFTYWEEKLYOPTIONCall,232.2,232.2,232.2,232.2,0.0,252900.0,CE,12000,2020-01-02,,,,,1.907378625281026,
242,2019-12-31 13:19:00+05:30,73384,NIFTYWEEKLYOPTIONCall,232.2,232.2,232.2,232.2,0.0,252900.0,CE,12000,2020-01-02,,,,,1.8866463188040479,
243,2019-12-31 13:20:00+05:30,73385,NIFTYWEEKLYOPTIONCall,232.2,232.2,232.2,232.2,0.0,252900.0,CE,12000,2020-01-02,,,,,1.866159205282587,
244,2019-12-31 13:21:00+05:30,73386,NIFTYWEEKLYOPTIONCall,232.2,232.2,232.2,232.2,0.0,252900.0,CE,12000,2020-01-02,,,,,1.8459139569317529,
245,2019-12-31 13:22:00+05:30,73387,NIFTYWEEKLYOPTIONCall,232.2,232.2,232.2,232.2,0.0,252900.0,CE,12000,2020-01-02,,,,,1.8259073004126345,
246,2019-12-31 13:23:00+05:30,73388,NIFTYWEEKLYOPTIONCall,232.2,232.2,232.2,232.2,0.0,252900.0,CE,12000,2020-01-02,,,,,1.8061360157405524,
247,2019-12-31 13:24:00+05:30,73389,NIFTYWEEKLYOPTIONCall,232.2,239.2,232.2,237.4,225.0,252525.0,CE,12000,2020-01-02,,,,,1.8623241021962404,
248,2019-12-31 13:25:00+05:30,73390,NIFTYWEEKLYOPTIONCall,237.4,237.4,237.4,237.4,0.0,252525.0,CE,12000,2020-01-02,,,,,1.8421956309519312,
249,2019-12-31 13:26:00+05:30,73391,NIFTYWEEKLYOPTIONCall,237.4,237.4,237.4,237.4,0.0,252525.0,CE,12000,2020-01-02,,,,,1.822302761405221,
250,2019-12-31 13:27:00+05:30,73392,NIFTYWEEKLYOPTIONCall,237.4,237.4,237.4,237.4,0.0,252525.0,CE,12000,2020-01-02,,,,,1.802642348708261,
251,2019-12-31 13:28:00+05:30,73393,NIFTYWEEKLYOPTIONCall,237.4,237.4,237.4,237.4,0.0,252525.0,CE,12000,2020-01-02,,,,,1.7832112983352923,
252,2019-12-31 13:29:00+05:30,73394,NIFTYWEEKLYOPTIONCall,237.4,237.4,234.35,234.35,375.0,252375.0,CE,12000,2020-01-02,,,,,1.7968542912358014,
253,2019-12-31 13:30:00+05:30,73395,NIFTYWEEKLYOPTIONCall,234.35,240.0,234.35,240.0,300.0,252375.0,CE,12000,2020-01-02,,,,,1.8383156730469092,
254,2019-12-31 13:31:00+05:30,73396,NIFTYWEEKLYOPTIONCall,240.0,240.0,240.0,240.0,0.0,252375.0,CE,12000,2020-01-02,,,,,1.818551649908654,
255,2019-12-31 13:32:00+05:30,73397,NIFTYWEEKLYOPTIONCall,238.4,238.4,238.4,238.4,75.0,252375.0,CE,12000,2020-01-02,,,,,1.7990167208943564,
256,2019-12-31 13:33:00+05:30,73398,NIFTYWEEKLYOPTIONCall,238.4,238.4,235.0,235.0,225.0,252225.0,CE,12000,2020-01-02,,,,,1.8162000730084773,
257,2019-12-31 13:34:00+05:30,73399,NIFTYWEEKLYOPTIONCall,235.0,235.0,234.75,234.75,75.0,252225.0,CE,12000,2020-01-02,,,,,1.7994040234791382,
258,2019-12-31 13:35:00+05:30,73400,NIFTYWEEKLYOPTIONCall,234.75,234.75,234.35,234.35,75.0,252225.0,CE,12000,2020-01-02,,,,,1.7844090497191667,
259,2019-12-31 13:36:00+05:30,73401,NIFTYWEEKLYOPTIONCall,234.35,234.7,233.5,234.7,225.0,252300.0,CE,12000,2020-01-02,,,,,1.778152051424267,
260,2019-12-31 13:37:00+05:30,73402,NIFTYWEEKLYOPTIONCall,234.85,234.85,233.35,233.35,150.0,252300.0,CE,12000,2020-01-02,,,,,1.7751764026626422,
261,2019-12-31 13:38:00+05:30,73403,NIFTYWEEKLYOPTIONCall,233.35,238.25,233.35,236.85,675.0,252300.0,CE,12000,2020-01-02,,,,,1.8085789001581878,
262,2019-12-31 13:39:00+05:30,73404,NIFTYWEEKLYOPTIONCall,236.85,237.3,236.85,237.3,75.0,252225.0,CE,12000,2020-01-02,,,,,1.7940679439456708,
263,2019-12-31 13:40:00+05:30,73405,NIFTYWEEKLYOPTIONCall,237.3,243.1,237.3,240.45,1050.0,252225.0,CE,12000,2020-01-02,,,,,1.8368218827535125,
264,2019-12-31 13:41:00+05:30,73406,NIFTYWEEKLYOPTIONCall,240.45,240.45,238.9,238.9,225.0,252225.0,CE,12000,2020-01-02,,,,,1.833763091546136,
265,2019-12-31 13:42:00+05:30,73407,NIFTYWEEKLYOPTIONCall,238.9,243.25,238.9,242.65,375.0,251775.0,CE,12000,2020-01-02,,,,,1.8605768472945194,
266,2019-12-31 13:43:00+05:30,73408,NIFTYWEEKLYOPTIONCall,242.65,242.65,238.9,240.75,375.0,251775.0,CE,12000,2020-01-02,,,,,1.8806958965445786,
267,2019-12-31 13:44:00+05:30,73409,NIFTYWEEKLYOPTIONCall,240.75,240.75,239.15,239.15,150.0,251775.0,CE,12000,2020-01-02,,,,,1.8777092084193079,
268,2019-12-31 13:45:00+05:30,73410,NIFTYWEEKLYOPTIONCall,239.15,239.15,238.0,238.0,675.0,251475.0,CE,12000,2020-01-02,,,,,1.8699718854927005,
269,2019-12-31 13:46:00+05:30,73411,NIFTYWEEKLYOPTIONCall,238.0,238.85,238.0,238.0,375.0,251475.0,CE,12000,2020-01-02,,,,,1.8591350244157478,
270,2019-12-31 13:47:00+05:30,73412,NIFTYWEEKLYOPTIONCall,238.0,238.0,238.0,238.0,225.0,251475.0,CE,12000,2020-01-02,,,,,1.8393966191035438,
271,2019-12-31 13:48:00+05:30,73413,NIFTYWEEKLYOPTIONCall,238.0,238.0,237.0,237.0,75.0,251475.0,CE,12000,2020-01-02,,,,,1.8304911355689757,
272,2019-12-31 13:49:00+05:30,73414,NIFTYWEEKLYOPTIONCall,237.0,237.0,232.9,233.1,900.0,251475.0,CE,12000,2020-01-02,,,,,1.8545521885186267,
273,2019-12-31 13:50:00+05:30,73415,NIFTYWEEKLYOPTIONCall,233.1,233.15,233.1,233.15,75.0,251475.0,CE,12000,2020-01-02,,,,,1.8354339485932514,
274,2019-12-31 13:51:00+05:30,73416,NIFTYWEEKLYOPTIONCall,233.15,233.15,233.15,233.15,0.0,251475.0,CE,12000,2020-01-02,,,,,1.8160020086633555,
275,2019-12-31 13:52:00+05:30,73417,NIFTYWEEKLYOPTIONCall,233.15,233.15,233.15,233.15,0.0,251475.0,CE,12000,2020-01-02,,,,,1.796788979235981,
276,2019-12-31 13:53:00+05:30,73418,NIFTYWEEKLYOPTIONCall,235.9,237.5,235.85,237.5,375.0,251925.0,CE,12000,2020-01-02,,,,,1.8237832443311717,
277,2019-12-31 13:54:00+05:30,73419,NIFTYWEEKLYOPTIONCall,237.5,237.5,237.0,237.0,75.0,251925.0,CE,12000,2020-01-02,,,,,1.809796711546222,
278,2019-12-31 13:55:00+05:30,73420,NIFTYWEEKLYOPTIONCall,237.0,237.0,235.35,235.35,150.0,251925.0,CE,12000,2020-01-02,,,,,1.8081094885135105,
279,2019-12-31 13:56:00+05:30,73421,NIFTYWEEKLYOPTIONCall,235.35,236.55,235.35,236.55,75.0,251925.0,CE,12000,2020-01-02,,,,,1.801692947820878,
280,2019-12-31 13:57:00+05:30,73422,NIFTYWEEKLYOPTIONCall,236.55,240.7,236.55,240.7,300.0,252075.0,CE,12000,2020-01-02,,,,,1.8264552820886346,
281,2019-12-31 13:58:00+05:30,73423,NIFTYWEEKLYOPTIONCall,240.7,240.7,237.9,237.9,225.0,252075.0,CE,12000,2020-01-02,,,,,1.836714472928456,
282,2019-12-31 13:59:00+05:30,73424,NIFTYWEEKLYOPTIONCall,237.9,241.0,237.9,241.0,225.0,252075.0,CE,12000,2020-01-02,,,,,1.850018470993018,
283,2019-12-31 14:00:00+05:30,73425,NIFTYWEEKLYOPTIONCall,241.0,241.0,241.0,241.0,0.0,252075.0,CE,12000,2020-01-02,,,,,1.8305477032175637,
284,2019-12-31 14:01:00+05:30,73426,NIFTYWEEKLYOPTIONCall,241.0,241.0,235.0,235.0,300.0,252075.0,CE,12000,2020-01-02,,,,,1.8744023140203947,
285,2019-12-31 14:02:00+05:30,73427,NIFTYWEEKLYOPTIONCall,235.0,235.0,235.0,235.0,0.0,252075.0,CE,12000,2020-01-02,,,,,1.8546993688089761,
286,2019-12-31 14:03:00+05:30,73428,NIFTYWEEKLYOPTIONCall,235.0,235.0,235.0,235.0,0.0,252075.0,CE,12000,2020-01-02,,,,,1.835215429699442,
287,2019-12-31 14:04:00+05:30,73429,NIFTYWEEKLYOPTIONCall,235.0,235.0,235.0,235.0,0.0,252075.0,CE,12000,2020-01-02,,,,,1.8159478139337384,
288,2019-12-31 14:05:00+05:30,73430,NIFTYWEEKLYOPTIONCall,235.0,235.0,235.0,235.0,0.0,252075.0,CE,12000,2020-01-02,,,,,1.796893876814306,
289,2019-12-31 14:06:00+05:30,73431,NIFTYWEEKLYOPTIONCall,235.0,235.0,235.0,235.0,0.0,252075.0,CE,12000,2020-01-02,,,,,1.7780510110563486,
290,2019-12-31 14:07:00+05:30,73432,NIFTYWEEKLYOPTIONCall,235.0,235.0,235.0,235.0,0.0,252075.0,CE,12000,2020-01-02,,,,,1.7594166461533394,
291,2019-12-31 14:08:00+05:30,73433,NIFTYWEEKLYOPTIONCall,235.0,235.0,235.0,235.0,0.0,252075.0,CE,12000,2020-01-02,,,,,1.740988247755442,
292,2019-12-31 14:09:00+05:30,73434,NIFTYWEEKLYOPTIONCall,235.0,241.45,235.0,241.45,75.0,252225.0,CE,12000,2020-01-02,,,,,1.7902829014883233,
293,2019-12-31 14:10:00+05:30,73435,NIFTYWEEKLYOPTIONCall,241.45,241.45,240.6,240.65,225.0,252225.0,CE,12000,2020-01-02,,,,,1.780445455995801,
294,2019-12-31 14:11:00+05:30,73436,NIFTYWEEKLYOPTIONCall,240.65,240.65,240.65,240.65,0.0,252225.0,CE,12000,2020-01-02,,,,,1.7618284943658558,
295,2019-12-31 14:12:00+05:30,73437,NIFTYWEEKLYOPTIONCall,240.65,240.65,239.4,240.0,300.0,252150.0,CE,12000,2020-01-02,,,,,1.7564796068228172,
296,2019-12-31 14:13:00+05:30,73438,NIFTYWEEKLYOPTIONCall,240.0,240.0,240.0,240.0,0.0,252150.0,CE,12000,2020-01-02,,,,,1.738133517013769,
297,2019-12-31 14:14:00+05:30,73439,NIFTYWEEKLYOPTIONCall,240.0,240.0,240.0,240.0,0.0,252150.0,CE,12000,2020-01-02,,,,,1.7199889158985266,
298,2019-12-31 14:15:00+05:30,73440,NIFTYWEEKLYOPTIONCall,240.0,240.0,237.0,237.0,450.0,252150.0,CE,12000,2020-01-02,,,,,1.7333439306842129,
299,2019-12-31 14:16:00+05:30,73441,NIFTYWEEKLYOPTIONCall,237.0,237.0,235.0,235.15,300.0,252150.0,CE,12000,2020-01-02,,,,,1.7361246099898258,
300,2019-12-31 14:17:00+05:30,73442,NIFTYWEEKLYOPTIONCall,235.15,235.15,235.15,235.15,0.0,252150.0,CE,12000,2020-01-02,,,,,1.7180299042679015,
301,2019-12-31 14:18:00+05:30,73443,NIFTYWEEKLYOPTIONCall,235.15,235.2,235.15,235.2,75.0,251850.0,CE,12000,2020-01-02,,,,,1.7006539747251668,
302,2019-12-31 14:19:00+05:30,73444,NIFTYWEEKLYOPTIONCall,235.2,235.2,216.0,217.75,10875.0,251850.0,CE,12000,2020-01-02,,,,,1.8828512906341586,
303,2019-12-31 14:20:00+05:30,73445,NIFTYWEEKLYOPTIONCall,217.75,223.6,217.25,223.6,675.0,251850.0,CE,12000,2020-01-02,,,,,1.9293380037142838,
304,2019-12-31 14:21:00+05:30,73446,NIFTYWEEKLYOPTIONCall,223.6,223.85,222.7,223.85,450.0,252600.0,CE,12000,2020-01-02,,,,,1.9212320360916095,
305,2019-12-31 14:22:00+05:30,73447,NIFTYWEEKLYOPTIONCall,223.85,225.0,223.0,225.0,1275.0,252600.0,CE,12000,2020-01-02,,,,,1.922050899550422,
306,2019-12-31 14:23:00+05:30,73448,NIFTYWEEKLYOPTIONCall,225.0,226.0,225.0,226.0,975.0,252600.0,CE,12000,2020-01-02,,,,,1.9124700970705542,
307,2019-12-31 14:24:00+05:30,73449,NIFTYWEEKLYOPTIONCall,226.0,226.0,226.0,226.0,0.0,252600.0,CE,12000,2020-01-02,,,,,1.892607821854403,
308,2019-12-31 14:25:00+05:30,73450,NIFTYWEEKLYOPTIONCall,226.0,226.0,221.0,221.0,525.0,254550.0,CE,12000,2020-01-02,,,,,1.9248645243825082,
309,2019-12-31 14:26:00+05:30,73451,NIFTYWEEKLYOPTIONCall,220.5,220.5,220.0,220.0,225.0,254550.0,CE,12000,2020-01-02,,,,,1.9100806175253509,
310,2019-12-31 14:27:00+05:30,73452,NIFTYWEEKLYOPTIONCall,220.0,220.0,220.0,220.0,0.0,254550.0,CE,12000,2020-01-02,,,,,1.8902716771448884,
311,2019-12-31 14:28:00+05:30,73453,NIFTYWEEKLYOPTIONCall,220.0,226.0,220.0,224.4,2100.0,254625.0,CE,12000,2020-01-02,,,,,1.9328725699464258,
312,2019-12-31 14:29:00+05:30,73454,NIFTYWEEKLYOPTIONCall,224.4,224.4,222.0,222.0,300.0,254625.0,CE,12000,2020-01-02,,,,,1.9377125002917315,
313,2019-12-31 14:30:00+05:30,73455,NIFTYWEEKLYOPTIONCall,222.0,222.0,222.0,222.0,0.0,254625.0,CE,12000,2020-01-02,,,,,1.9176449977322412,
314,2019-12-31 14:31:00+05:30,73456,NIFTYWEEKLYOPTIONCall,222.0,222.0,222.0,222.0,0.0,254625.0,CE,12000,2020-01-02,,,,,1.8977943578365841,
315,2019-12-31 14:32:00+05:30,73457,NIFTYWEEKLYOPTIONCall,222.0,235.0,222.0,230.0,1125.0,253650.0,CE,12000,2020-01-02,,,,,2.0126678768585493,
316,2019-12-31 14:33:00+05:30,73458,NIFTYWEEKLYOPTIONCall,230.0,231.4,229.0,229.0,600.0,253575.0,CE,12000,2020-01-02,,,,,2.0166737810415247,
317,2019-12-31 14:34:00+05:30,73459,NIFTYWEEKLYOPTIONCall,229.0,230.05,229.0,230.05,825.0,253575.0,CE,12000,2020-01-02,,,,,2.0066805629623263,
318,2019-12-31 14:35:00+05:30,73460,NIFTYWEEKLYOPTIONCall,230.05,230.05,230.05,230.05,0.0,253575.0,CE,12000,2020-01-02,,,,,1.9859450857499747,
319,2019-12-31 14:36:00+05:30,73461,NIFTYWEEKLYOPTIONCall,230.05,230.05,225.75,225.75,225.0,253500.0,CE,12000,2020-01-02,,,,,2.0098463996689033,
320,2019-12-31 14:37:00+05:30,73462,NIFTYWEEKLYOPTIONCall,225.75,225.75,225.75,225.75,0.0,253500.0,CE,12000,2020-01-02,,,,,1.9890960583084258,
321,2019-12-31 14:38:00+05:30,73463,NIFTYWEEKLYOPTIONCall,225.75,225.75,225.75,225.75,0.0,253500.0,CE,12000,2020-01-02,,,,,1.9685686408850884,
322,2019-12-31 14:39:00+05:30,73464,NIFTYWEEKLYOPTIONCall,225.75,225.75,221.75,221.75,150.0,253350.0,CE,12000,2020-01-02,,,,,1.989524177456119,
323,2019-12-31 14:40:00+05:30,73465,NIFTYWEEKLYOPTIONCall,221.75,222.0,220.0,222.0,1575.0,253350.0,CE,12000,2020-01-02,,,,,1.9896321975918552,
324,2019-12-31 14:41:00+05:30,73466,NIFTYWEEKLYOPTIONCall,222.0,224.0,220.65,220.65,1350.0,253350.0,CE,12000,2020-01-02,,,,,2.0036537060603496,
325,2019-12-31 14:42:00+05:30,73467,NIFTYWEEKLYOPTIONCall,220.65,221.0,220.65,221.0,300.0,253350.0,CE,12000,2020-01-02,,,,,1.9866161770763588,
326,2019-12-31 14:43:00+05:30,73468,NIFTYWEEKLYOPTIONCall,221.0,221.0,221.0,221.0,75.0,252900.0,CE,12000,2020-01-02,,,,,1.9661563731090295,
327,2019-12-31 14:44:00+05:30,73469,NIFTYWEEKLYOPTIONCall,221.0,221.75,220.6,220.6,225.0,252900.0,CE,12000,2020-01-02,,,,,1.9577542675089228,
328,2019-12-31 14:45:00+05:30,73470,NIFTYWEEKLYOPTIONCall,220.6,225.0,220.6,225.0,675.0,252825.0,CE,12000,2020-01-02,,,,,1.9828866207615883,
329,2019-12-31 14:46:00+05:30,73471,NIFTYWEEKLYOPTIONCall,225.0,225.5,225.0,225.5,75.0,252825.0,CE,12000,2020-01-02,,,,,1.9676326630364138,
330,2019-12-31 14:47:00+05:30,73472,NIFTYWEEKLYOPTIONCall,225.5,225.5,222.65,222.8,900.0,252825.0,CE,12000,2020-01-02,,,,,1.9767057808614787,
331,2019-12-31 14:48:00+05:30,73473,NIFTYWEEKLYOPTIONCall,222.8,222.8,222.05,222.05,75.0,252225.0,CE,12000,2020-01-02,,,,,1.9640967474095339,
332,2019-12-31 14:49:00+05:30,73474,NIFTYWEEKLYOPTIONCall,222.05,222.05,221.4,222.0,525.0,252225.0,CE,12000,2020-01-02,,,,,1.950594542759927,
333,2019-12-31 14:50:00+05:30,73475,NIFTYWEEKLYOPTIONCall,222.0,222.0,222.0,222.0,0.0,252225.0,CE,12000,2020-01-02,,,,,1.9305598818334284,
334,2019-12-31 14:51:00+05:30,73476,NIFTYWEEKLYOPTIONCall,222.0,223.15,222.0,223.15,75.0,252075.0,CE,12000,2020-01-02,,,,,1.9225456752833774,
335,2019-12-31 14:52:00+05:30,73477,NIFTYWEEKLYOPTIONCall,223.15,223.15,221.0,221.4,600.0,252075.0,CE,12000,2020-01-02,,,,,1.9248801515687874,
336,2019-12-31 14:53:00+05:30,73478,NIFTYWEEKLYOPTIONCall,221.4,221.4,210.0,212.1,3900.0,252075.0,CE,12000,2020-01-02,,,,,2.0220927551024137,
337,2019-12-31 14:54:00+05:30,73479,NIFTYWEEKLYOPTIONCall,212.1,212.8,198.5,201.3,4875.0,252150.0,CE,12000,2020-01-02,,,,,2.148016148920194,
338,2019-12-31 14:55:00+05:30,73480,NIFTYWEEKLYOPTIONCall,201.3,207.4,200.0,207.4,1800.0,252150.0,CE,12000,2020-01-02,,,,,2.201861877888646,
339,2019-12-31 14:56:00+05:30,73481,NIFTYWEEKLYOPTIONCall,207.4,207.4,202.55,204.05,4725.0,252150.0,CE,12000,2020-01-02,,,,,2.229002256365376,
340,2019-12-31 14:57:00+05:30,73482,NIFTYWEEKLYOPTIONCall,203.95,207.0,202.7,204.95,4350.0,253500.0,CE,12000,2020-01-02,,,,,2.250220226966403,
341,2019-12-31 14:58:00+05:30,73483,NIFTYWEEKLYOPTIONCall,204.95,204.95,202.0,202.7,675.0,253500.0,CE,12000,2020-01-02,,,,,2.2573872054612676,
342,2019-12-31 14:59:00+05:30,73484,NIFTYWEEKLYOPTIONCall,201.75,207.05,201.75,207.05,1350.0,253500.0,CE,12000,2020-01-02,,,,,2.288538308752765,
343,2019-12-31 15:00:00+05:30,73485,NIFTYWEEKLYOPTIONCall,207.05,207.05,194.7,195.0,5025.0,254700.0,CE,12000,2020-01-02,,,,,2.3915155772409937,
344,2019-12-31 15:01:00+05:30,73486,NIFTYWEEKLYOPTIONCall,195.85,198.95,194.4,198.95,3900.0,254700.0,CE,12000,2020-01-02,,,,,2.413599908435032,
345,2019-12-31 15:02:00+05:30,73487,NIFTYWEEKLYOPTIONCall,198.95,201.05,197.3,197.3,825.0,254700.0,CE,12000,2020-01-02,,,,,2.4272686444238443,
346,2019-12-31 15:03:00+05:30,73488,NIFTYWEEKLYOPTIONCall,197.3,197.3,195.3,196.0,900.0,252150.0,CE,12000,2020-01-02,,,,,2.422899957987044,
347,2019-12-31 15:04:00+05:30,73489,NIFTYWEEKLYOPTIONCall,196.0,201.45,196.0,199.0,1575.0,252150.0,CE,12000,2020-01-02,,,,,2.4538410808460807,
348,2019-12-31 15:05:00+05:30,73490,NIFTYWEEKLYOPTIONCall,199.0,199.0,195.2,195.2,1200.0,252150.0,CE,12000,2020-01-02,,,,,2.4675962682072434,
349,2019-12-31 15:06:00+05:30,73491,NIFTYWEEKLYOPTIONCall,195.2,198.2,195.0,198.2,675.0,251850.0,CE,12000,2020-01-02,,,,,2.475077670841925,
350,2019-12-31 15:07:00+05:30,73492,NIFTYWEEKLYOPTIONCall,198.2,198.2,192.9,195.7,2925.0,251850.0,CE,12000,2020-01-02,,,,,2.5039248067096147,
351,2019-12-31 15:08:00+05:30,73493,NIFTYWEEKLYOPTIONCall,195.7,197.2,195.0,196.95,3375.0,251850.0,CE,12000,2020-01-02,,,,,2.5008221949224625,
352,2019-12-31 15:09:00+05:30,73494,NIFTYWEEKLYOPTIONCall,196.95,200.0,195.65,197.95,9900.0,249450.0,CE,12000,2020-01-02,,,,,2.5196936956570912,
353,2019-12-31 15:10:00+05:30,73495,NIFTYWEEKLYOPTIONCall,198.0,198.0,196.0,196.0,22800.0,249450.0,CE,12000,2020-01-02,,,,,2.514391654991725,
354,2019-12-31 15:11:00+05:30,73496,NIFTYWEEKLYOPTIONCall,195.6,195.6,187.75,188.65,20175.0,249450.0,CE,12000,2020-01-02,,,,,2.5688104269204426,
355,2019-12-31 15:12:00+05:30,73497,NIFTYWEEKLYOPTIONCall,188.65,190.85,187.25,190.85,18525.0,265050.0,CE,12000,2020-01-02,,,,,2.579324568686021,
356,2019-12-31 15:13:00+05:30,73498,NIFTYWEEKLYOPTIONCall,190.85,190.85,187.0,189.8,2850.0,265050.0,CE,12000,2020-01-02,,,,,2.5922767164413267,
357,2019-12-31 15:14:00+05:30,73499,NIFTYWEEKLYOPTIONCall,189.8,191.85,189.0,191.65,1650.0,265050.0,CE,12000,2020-01-02,,,,,2.5949029537160295,
358,2019-12-31 15:15:00+05:30,73500,NIFTYWEEKLYOPTIONCall,191.65,191.65,185.05,185.05,3075.0,264375.0,CE,12000,2020-01-02,,,,,2.6357036701746,
359,2019-12-31 15:16:00+05:30,73501,NIFTYWEEKLYOPTIONCall,185.05,186.1,180.05,180.05,5025.0,264375.0,CE,12000,2020-01-02,,,,,2.670475830714154,
360,2019-12-31 15:17:00+05:30,73502,NIFTYWEEKLYOPTIONCall,180.05,187.75,180.05,186.7,5250.0,264375.0,CE,12000,2020-01-02,,,,,2.7216834221487627,
361,2019-12-31 15:18:00+05:30,73503,NIFTYWEEKLYOPTIONCall,186.7,197.5,186.7,197.5,3600.0,256575.0,CE,12000,2020-01-02,,,,,2.803908928260809,
362,2019-12-31 15:19:00+05:30,73504,NIFTYWEEKLYOPTIONCall,197.5,199.6,197.15,198.9,1950.0,256575.0,CE,12000,2020-01-02,,,,,2.8003076499781185,
363,2019-12-31 15:20:00+05:30,73505,NIFTYWEEKLYOPTIONCall,198.9,203.75,197.85,200.5,13125.0,256575.0,CE,12000,2020-01-02,,,,,2.831840589444884,
364,2019-12-31 15:21:00+05:30,73506,NIFTYWEEKLYOPTIONCall,200.3,201.05,198.4,198.7,11100.0,264300.0,CE,12000,2020-01-02,,,,,2.829991241571943,
365,2019-12-31 15:22:00+05:30,73507,NIFTYWEEKLYOPTIONCall,198.0,199.65,196.95,198.4,20325.0,264300.0,CE,12000,2020-01-02,,,,,2.8286695656134127,
366,2019-12-31 15:23:00+05:30,73508,NIFTYWEEKLYOPTIONCall,198.4,199.65,198.0,199.05,4425.0,264300.0,CE,12000,2020-01-02,,,,,2.8166887254805064,
367,2019-12-31 15:24:00+05:30,73509,NIFTYWEEKLYOPTIONCall,199.05,204.35,199.05,204.35,825.0,279225.0,CE,12000,2020-01-02,,,,,2.8419242214452547,
368,2019-12-31 15:25:00+05:30,73510,NIFTYWEEKLYOPTIONCall,204.8,207.0,204.8,207.0,5475.0,279225.0,CE,12000,2020-01-02,,,,,2.839974389792587,
369,2019-12-31 15:26:00+05:30,73511,NIFTYWEEKLYOPTIONCall,207.0,207.0,204.25,206.0,1350.0,279225.0,CE,12000,2020-01-02,,,,,2.839060541647633,
370,2019-12-31 15:27:00+05:30,73512,NIFTYWEEKLYOPTIONCall,206.0,206.75,205.0,205.0,1200.0,280350.0,CE,12000,2020-01-02,,,,,2.828002045188386,
371,2019-12-31 15:28:00+05:30,73513,NIFTYWEEKLYOPTIONCall,205.0,205.0,201.0,201.6,3900.0,280350.0,CE,12000,2020-01-02,,,,,2.839899689381351,
372,2019-12-31 15:29:00+05:30,73514,NIFTYWEEKLYOPTIONCall,201.6,201.6,201.6,201.6,0.0,280350.0,CE,12000,2020-01-02,,,,,2.811077411416081,
